[
  {
    "id": "064876c2-6d62-428c-98ef-bd3bd2ebc4a7",
    "data": [
      {
        "text": "хочу плакать",
        "userDefined": false
      }
    ],
    "isTemplate": false,
    "count": 0,
    "updated": 0
  },
  {
    "id": "19831288-02bb-4adc-897f-d6e0e0a308fe",
    "data": [
      {
        "text": "просто я грустил",
        "userDefined": false
      }
    ],
    "isTemplate": false,
    "count": 0,
    "updated": 0
  },
  {
    "id": "a20a65d2-c204-419c-a012-3e7e312830fe",
    "data": [
      {
        "text": "я горюю",
        "userDefined": false
      }
    ],
    "isTemplate": false,
    "count": 1,
    "updated": 0
  },
  {
    "id": "c616ec40-0f76-4efa-ac28-df9c0dcfe88b",
    "data": [
      {
        "text": "мне грустно",
        "userDefined": false
      }
    ],
    "isTemplate": false,
    "count": 0,
    "updated": 0
  },
  {
    "id": "f12522ed-f808-46f2-83cd-aa6e2e54bc12",
    "data": [
      {
        "text": "я грущу",
        "userDefined": false
      }
    ],
    "isTemplate": false,
    "count": 0,
    "updated": 0
  },
  {
    "id": "e56456ec-4db2-426c-9803-d254b66325a1",
    "data": [
      {
        "text": "я в депрессии",
        "userDefined": false
      }
    ],
    "isTemplate": false,
    "count": 0,
    "updated": 0
  },
  {
    "id": "41593ac0-f13f-4cc2-8eee-3d458637a5b5",
    "data": [
      {
        "text": "я расстроен",
        "userDefined": false
      }
    ],
    "isTemplate": false,
    "count": 0,
    "updated": 0
  },
  {
    "id": "7e468d44-e392-474b-9bf7-199edee3ad90",
    "data": [
      {
        "text": "у меня был тяжелый день",
        "userDefined": false
      }
    ],
    "isTemplate": false,
    "count": 1,
    "updated": 0
  },
  {
    "id": "64a48f50-e482-4f0d-acf7-3098da5a2f71",
    "data": [
      {
        "text": "я горевал",
        "userDefined": false
      }
    ],
    "isTemplate": false,
    "count": 0,
    "updated": 0
  },
  {
    "id": "83260603-bc0e-4b75-8a9b-17c12775274d",
    "data": [
      {
        "text": "мне не радостно",
        "userDefined": false
      }
    ],
    "isTemplate": false,
    "count": 0,
    "updated": 0
  }
]