[
  {
    "id": "9db06f2a-ca4a-438c-b8c6-d9d78e8bc63a",
    "data": [
      {
        "text": "всегда пожалуйста",
        "userDefined": false
      }
    ],
    "isTemplate": false,
    "count": 0,
    "updated": 0
  },
  {
    "id": "6214cda5-cfa2-457b-8a49-0e35bdbd82b0",
    "data": [
      {
        "text": "на",
        "meta": "@sys.ignore",
        "userDefined": false
      },
      {
        "text": " здоровье",
        "userDefined": false
      }
    ],
    "isTemplate": false,
    "count": 0,
    "updated": 0
  },
  {
    "id": "d546764a-b240-43c9-a130-4c3d2b7c6bb8",
    "data": [
      {
        "text": "всё что угодно для тебя",
        "userDefined": false
      }
    ],
    "isTemplate": false,
    "count": 0,
    "updated": 0
  },
  {
    "id": "21aa3315-e607-4210-8885-d0b2bfc98972",
    "data": [
      {
        "text": "конечно на здоровье",
        "userDefined": false
      }
    ],
    "isTemplate": false,
    "count": 0,
    "updated": 0
  },
  {
    "id": "7a7964ce-bedd-4fcb-a846-5eb6af80bbf1",
    "data": [
      {
        "text": "не за что",
        "userDefined": false
      }
    ],
    "isTemplate": false,
    "count": 0,
    "updated": 0
  },
  {
    "id": "da5f00ab-2e29-4eea-8a07-4ed84aab9477",
    "data": [
      {
        "text": "всё что пожелаешь",
        "userDefined": false
      }
    ],
    "isTemplate": false,
    "count": 0,
    "updated": 0
  },
  {
    "id": "d4f326a9-093c-4c20-86a4-e96d1d28dc3a",
    "data": [
      {
        "text": "пожалуйста",
        "userDefined": false
      }
    ],
    "isTemplate": false,
    "count": 0,
    "updated": 0
  },
  {
    "id": "1ecc8a6d-dbd7-49e5-a656-fea152e1aebd",
    "data": [
      {
        "text": "не стоит благодарности",
        "userDefined": false
      }
    ],
    "isTemplate": false,
    "count": 0,
    "updated": 0
  }
]