[
  {
    "id": "41f58685-722c-495f-9968-18e5eb048e86",
    "data": [
      {
        "text": "добрый вечер",
        "userDefined": false
      }
    ],
    "isTemplate": false,
    "count": 0,
    "updated": 0
  },
  {
    "id": "9521991b-192d-4ffc-9aa9-bb09ecce10b6",
    "data": [
      {
        "text": "приветствую тебя этим вечером",
        "userDefined": false
      }
    ],
    "isTemplate": false,
    "count": 0,
    "updated": 0
  },
  {
    "id": "f330e99b-ab6b-42e8-8421-0262528ae64d",
    "data": [
      {
        "text": "привет добрый вечер",
        "userDefined": false
      }
    ],
    "isTemplate": false,
    "count": 0,
    "updated": 0
  },
  {
    "id": "1120be18-3433-4f5a-929f-be16594bf839",
    "data": [
      {
        "text": "вечер добрый",
        "userDefined": false
      }
    ],
    "isTemplate": false,
    "count": 0,
    "updated": 0
  },
  {
    "id": "7ad6b715-4099-495d-be60-95422644f315",
    "data": [
      {
        "text": "всем",
        "meta": "@sys.ignore",
        "userDefined": true
      },
      {
        "text": " добрый вечер",
        "userDefined": false
      }
    ],
    "isTemplate": false,
    "count": 0,
    "updated": 0
  }
]