[
  {
    "id": "c8ef2aa6-c54a-471a-a2c2-23e5e9130d02",
    "data": [
      {
        "text": "ты меня рассмешил",
        "userDefined": false
      }
    ],
    "isTemplate": false,
    "count": 2,
    "updated": 0
  },
  {
    "id": "02904a1d-f381-4477-8570-793f638571b2",
    "data": [
      {
        "text": "очень смешно",
        "userDefined": false
      }
    ],
    "isTemplate": false,
    "count": 0,
    "updated": 0
  },
  {
    "id": "fe3b9e69-96a8-48c2-9ea2-b023123ebf00",
    "data": [
      {
        "text": "lol",
        "userDefined": false
      }
    ],
    "isTemplate": false,
    "count": 0,
    "updated": 0
  },
  {
    "id": "554109aa-5cdb-4773-b3b4-2eb47f09c539",
    "data": [
      {
        "text": "вот умора",
        "userDefined": false
      }
    ],
    "isTemplate": false,
    "count": 0,
    "updated": 0
  },
  {
    "id": "7beb1640-7d15-4ad3-8c3a-f2f416fb74a9",
    "data": [
      {
        "text": "хаха",
        "userDefined": false
      }
    ],
    "isTemplate": false,
    "count": 0,
    "updated": 0
  },
  {
    "id": "376cfde2-2a22-4ff3-b0b5-64e19fd42df6",
    "data": [
      {
        "text": "лол",
        "userDefined": false
      }
    ],
    "isTemplate": false,
    "count": 0,
    "updated": 0
  },
  {
    "id": "e69b6a6f-7131-40d7-97ba-2c18d2defe79",
    "data": [
      {
        "text": "ахаха лол",
        "userDefined": false
      }
    ],
    "isTemplate": false,
    "count": 0,
    "updated": 0
  },
  {
    "id": "d99d8b45-0bc9-491b-a6be-c2e606b4ad48",
    "data": [
      {
        "text": "смешно",
        "userDefined": false
      }
    ],
    "isTemplate": false,
    "count": 0,
    "updated": 0
  },
  {
    "id": "7e9a6fb1-ef3e-48d8-9633-3d22afbc20cb",
    "data": [
      {
        "text": "это смешно",
        "userDefined": false
      }
    ],
    "isTemplate": false,
    "count": 0,
    "updated": 0
  },
  {
    "id": "9b55ba5e-5fb1-4827-bdd4-e6be03c95d45",
    "data": [
      {
        "text": "ха",
        "userDefined": false
      }
    ],
    "isTemplate": false,
    "count": 1,
    "updated": 0
  },
  {
    "id": "dd14c051-b433-48c3-abb7-5fbc05ee6b2e",
    "data": [
      {
        "text": "ха ха ха",
        "userDefined": false
      }
    ],
    "isTemplate": false,
    "count": 0,
    "updated": 0
  },
  {
    "id": "e63f413b-0afc-48d9-a90b-8d7fabc25de4",
    "data": [
      {
        "text": "ахах",
        "userDefined": false
      }
    ],
    "isTemplate": false,
    "count": 0,
    "updated": 0
  },
  {
    "id": "822d7ea5-961a-4e56-bb3d-d4495b23356d",
    "data": [
      {
        "text": "ахаха",
        "userDefined": false
      }
    ],
    "isTemplate": false,
    "count": 0,
    "updated": 0
  },
  {
    "id": "ec9e26d9-3f6c-476e-8abd-a4e6363757f2",
    "data": [
      {
        "text": "ха ха очень забавно",
        "userDefined": false
      }
    ],
    "isTemplate": false,
    "count": 1,
    "updated": 0
  },
  {
    "id": "f90c7703-ef33-4966-9bb6-4c88d913460b",
    "data": [
      {
        "text": "забавно",
        "userDefined": false
      }
    ],
    "isTemplate": false,
    "count": 1,
    "updated": 0
  },
  {
    "id": "f5afcd1d-db1f-422a-afbb-6ccfeab029c3",
    "data": [
      {
        "text": "хехехе",
        "userDefined": false
      }
    ],
    "isTemplate": false,
    "count": 0,
    "updated": 0
  },
  {
    "id": "47d0fab6-0539-4a02-bac4-f103fb2ef45e",
    "data": [
      {
        "text": "хе хе",
        "userDefined": false
      }
    ],
    "isTemplate": false,
    "count": 1,
    "updated": 0
  },
  {
    "id": "e1dddfa7-d14d-4a18-b94f-cf4265832475",
    "data": [
      {
        "text": "лол нет",
        "userDefined": false
      }
    ],
    "isTemplate": false,
    "count": 0,
    "updated": 0
  },
  {
    "id": "97f73c29-bed9-456b-8a27-fab3043d58d8",
    "data": [
      {
        "text": "хах",
        "userDefined": false
      }
    ],
    "isTemplate": false,
    "count": 0,
    "updated": 0
  }
]