[
  {
    "id": "1da2f2b9-c6fb-4e1a-a02b-ce10a763f99b",
    "data": [
      {
        "text": "рад снова тебя видеть",
        "userDefined": false
      }
    ],
    "isTemplate": false,
    "count": 0,
    "updated": 0
  },
  {
    "id": "efd16a74-747b-4e38-a179-6171716d5763",
    "data": [
      {
        "text": "здорово увидеть тебя снова",
        "userDefined": false
      }
    ],
    "isTemplate": false,
    "count": 0,
    "updated": 0
  },
  {
    "id": "024bb46b-41cd-46cb-b739-a63fafaf3f7d",
    "data": [
      {
        "text": "как здорово снова тебя видеть",
        "userDefined": false
      }
    ],
    "isTemplate": false,
    "count": 0,
    "updated": 0
  },
  {
    "id": "5f3f6710-8212-40e2-baaa-727f36df883e",
    "data": [
      {
        "text": "рада тебя снова видеть",
        "userDefined": false
      }
    ],
    "isTemplate": false,
    "count": 0,
    "updated": 0
  },
  {
    "id": "8d31ea6e-8d58-42a7-8906-a450f4a89dee",
    "data": [
      {
        "text": "всегда радостно увидеть тебя здесь",
        "userDefined": false
      }
    ],
    "isTemplate": false,
    "count": 0,
    "updated": 0
  },
  {
    "id": "0dea9770-88fd-4522-bba9-c1cb3e544dd7",
    "data": [
      {
        "text": "всегда рад тебе",
        "userDefined": false
      }
    ],
    "isTemplate": false,
    "count": 0,
    "updated": 0
  },
  {
    "id": "91b4ab24-9e07-41d1-9c78-859927be399f",
    "data": [
      {
        "text": "я тоже рада тебя видеть",
        "userDefined": false
      }
    ],
    "isTemplate": false,
    "count": 0,
    "updated": 0
  },
  {
    "id": "b8e5b2a7-c238-43c1-92ca-3e6a5df7ce52",
    "data": [
      {
        "text": "рада тебе",
        "userDefined": false
      }
    ],
    "isTemplate": false,
    "count": 0,
    "updated": 0
  },
  {
    "id": "f73d9efd-b77c-415b-922e-aba62ac03b19",
    "data": [
      {
        "text": "как я рад тебя видеть",
        "userDefined": false
      }
    ],
    "isTemplate": false,
    "count": 0,
    "updated": 0
  },
  {
    "id": "aaf11235-4390-4f64-972a-dae8c9d26433",
    "data": [
      {
        "text": "как же здорово тебя снова увидеть",
        "userDefined": false
      }
    ],
    "isTemplate": false,
    "count": 0,
    "updated": 0
  },
  {
    "id": "4be132a5-b5b0-416e-b7d6-41ccd74a2b2c",
    "data": [
      {
        "text": "чудесно увидеть тебя",
        "userDefined": false
      }
    ],
    "isTemplate": false,
    "count": 0,
    "updated": 0
  },
  {
    "id": "f36e024d-8132-4390-9cd1-ea07052e7d04",
    "data": [
      {
        "text": "это чудо видеть тебя здесь снова",
        "userDefined": false
      }
    ],
    "isTemplate": false,
    "count": 0,
    "updated": 0
  },
  {
    "id": "76d77972-02cd-4246-9843-7e995ce4117c",
    "data": [
      {
        "text": "хорошо что ты снова тут",
        "userDefined": false
      }
    ],
    "isTemplate": false,
    "count": 0,
    "updated": 0
  },
  {
    "id": "f13dc871-7b92-4848-a7ec-0f1b34452260",
    "data": [
      {
        "text": "приятно видеть тебя",
        "userDefined": false
      }
    ],
    "isTemplate": false,
    "count": 0,
    "updated": 0
  },
  {
    "id": "62648a6e-c142-4c07-bcf1-0e3bd590afcf",
    "data": [
      {
        "text": "приятно снова видеть тебя здесь",
        "userDefined": false
      }
    ],
    "isTemplate": false,
    "count": 0,
    "updated": 0
  }
]