[
  {
    "id": "89389f6a-a801-414a-995d-7293018c9520",
    "data": [
      {
        "text": "это приводит меня в трепет",
        "userDefined": false
      }
    ],
    "isTemplate": false,
    "count": 0,
    "updated": 0
  },
  {
    "id": "0167e266-74fb-4ec1-97a5-b0c4ef68996c",
    "data": [
      {
        "text": "я в восторге",
        "userDefined": false
      }
    ],
    "isTemplate": false,
    "count": 0,
    "updated": 0
  },
  {
    "id": "1b5387ba-a0d5-4416-976b-39c26df3f403",
    "data": [
      {
        "text": "очень взволнован",
        "userDefined": false
      }
    ],
    "isTemplate": false,
    "count": 0,
    "updated": 0
  },
  {
    "id": "01c5b327-6a2b-4092-b56d-cd6542884786",
    "data": [
      {
        "text": "это меня взволновало",
        "userDefined": false
      }
    ],
    "isTemplate": false,
    "count": 0,
    "updated": 0
  },
  {
    "id": "a74dde89-8623-4cc4-8e2a-eb78f67b2ee1",
    "data": [
      {
        "text": "я взбудоражена",
        "userDefined": false
      }
    ],
    "isTemplate": false,
    "count": 0,
    "updated": 0
  },
  {
    "id": "4b71c405-2e68-4d56-bc09-985ae2351e3c",
    "data": [
      {
        "text": "я в восторге от работы с тобой",
        "userDefined": false
      }
    ],
    "isTemplate": false,
    "count": 0,
    "updated": 0
  },
  {
    "id": "db2f625e-7e0d-4ceb-857f-3c5c295499c2",
    "data": [
      {
        "text": "жду не дождусь начала нашего сотрудничества",
        "userDefined": false
      }
    ],
    "isTemplate": false,
    "count": 0,
    "updated": 0
  }
]