[
  {
    "id": "6ed422fb-0067-466f-a025-f77ed9b12684",
    "data": [
      {
        "text": "мне скучно",
        "userDefined": false
      }
    ],
    "isTemplate": false,
    "count": 0,
    "updated": 0
  },
  {
    "id": "f5ba96b7-25a0-4a7b-b16b-8a4f926252cf",
    "data": [
      {
        "text": "скука",
        "userDefined": false
      }
    ],
    "isTemplate": false,
    "count": 0,
    "updated": 0
  },
  {
    "id": "919f08fe-5cb0-49be-818c-43e571e64421",
    "data": [
      {
        "text": "ты",
        "meta": "@sys.ignore",
        "userDefined": false
      },
      {
        "text": " скучная",
        "userDefined": false
      }
    ],
    "isTemplate": false,
    "count": 0,
    "updated": 0
  },
  {
    "id": "abe1ae39-6ffd-4b0b-b351-62e4457596c0",
    "data": [
      {
        "text": "ты мне наскучил",
        "userDefined": false
      }
    ],
    "isTemplate": false,
    "count": 0,
    "updated": 0
  },
  {
    "id": "c8395908-fb9e-4b55-8667-3452dde61016",
    "data": [
      {
        "text": "это скучно",
        "userDefined": false
      }
    ],
    "isTemplate": false,
    "count": 0,
    "updated": 0
  },
  {
    "id": "91a3f17f-a979-403c-ae55-fa167a2afddf",
    "data": [
      {
        "text": "скукотища",
        "userDefined": false
      }
    ],
    "isTemplate": false,
    "count": 0,
    "updated": 0
  },
  {
    "id": "079ebbce-d732-4fbe-8c9b-4388c22226a2",
    "data": [
      {
        "text": "очень скучно",
        "userDefined": false
      }
    ],
    "isTemplate": false,
    "count": 0,
    "updated": 0
  },
  {
    "id": "6ea8515d-3ef3-4351-a3cf-e360f661933d",
    "data": [
      {
        "text": "мне это наскучило",
        "userDefined": false
      }
    ],
    "isTemplate": false,
    "count": 0,
    "updated": 0
  }
]