[
  {
    "id": "2fa26f58-8a4a-485b-a4e0-26e078875a45",
    "data": [
      {
        "text": "я занят",
        "userDefined": false
      }
    ],
    "isTemplate": false,
    "count": 0,
    "updated": 0
  },
  {
    "id": "66183513-2bb2-4e11-b6cd-83d30338e7ab",
    "data": [
      {
        "text": "я поглощен работой",
        "userDefined": false
      }
    ],
    "isTemplate": false,
    "count": 0,
    "updated": 0
  },
  {
    "id": "327ec27d-be2d-43f4-852b-f8a7efa60dca",
    "data": [
      {
        "text": "у меня дела",
        "userDefined": false
      }
    ],
    "isTemplate": false,
    "count": 0,
    "updated": 0
  },
  {
    "id": "ec65454e-8403-4c8c-aee4-39ce4ea1d295",
    "data": [
      {
        "text": "я очень занят",
        "userDefined": false
      }
    ],
    "isTemplate": false,
    "count": 0,
    "updated": 0
  },
  {
    "id": "04210870-8b36-498a-828b-735ec27a745b",
    "data": [
      {
        "text": "пора заняться работой",
        "userDefined": false
      }
    ],
    "isTemplate": false,
    "count": 0,
    "updated": 0
  },
  {
    "id": "b7f27dfe-34b5-4088-a6a1-da89f72a9df4",
    "data": [
      {
        "text": "я работаю",
        "userDefined": false
      }
    ],
    "isTemplate": false,
    "count": 0,
    "updated": 0
  },
  {
    "id": "692c7627-fc90-4ca6-ba51-8dfce7c3c6af",
    "data": [
      {
        "text": "на это нет времени",
        "userDefined": false
      }
    ],
    "isTemplate": false,
    "count": 0,
    "updated": 0
  }
]