[
  {
    "id": "4ac5160d-e86b-48c8-a68d-860e54861a40",
    "data": [
      {
        "text": "рад встрече с тобой",
        "userDefined": false
      }
    ],
    "isTemplate": false,
    "count": 0,
    "updated": 0
  },
  {
    "id": "c702d25e-f3ab-4b5e-a5c9-5ba068d0d9fa",
    "data": [
      {
        "text": "рад знакомству",
        "userDefined": false
      }
    ],
    "isTemplate": false,
    "count": 0,
    "updated": 0
  },
  {
    "id": "e26a6fd2-0fc0-495b-a5a4-ae3861b46065",
    "data": [
      {
        "text": "очень рада знакомству с тобой",
        "userDefined": false
      }
    ],
    "isTemplate": false,
    "count": 0,
    "updated": 0
  },
  {
    "id": "73d38c0d-50d3-46a0-98cb-dc5dcb439f7a",
    "data": [
      {
        "text": "приятно познакомиться",
        "userDefined": false
      }
    ],
    "isTemplate": false,
    "count": 0,
    "updated": 0
  },
  {
    "id": "d37ef728-33cb-4e2a-b83b-bab4caa9cadc",
    "data": [
      {
        "text": "рада встрече",
        "userDefined": false
      }
    ],
    "isTemplate": false,
    "count": 0,
    "updated": 0
  },
  {
    "id": "f184acb0-298f-4d3c-b1a7-94f49cf234de",
    "data": [
      {
        "text": "рад наконец с тобой познакомиться",
        "userDefined": false
      }
    ],
    "isTemplate": false,
    "count": 0,
    "updated": 0
  },
  {
    "id": "6060e972-649a-4a5b-8e6c-c64f041ad410",
    "data": [
      {
        "text": "приятно было познакомиться",
        "userDefined": false
      }
    ],
    "isTemplate": false,
    "count": 0,
    "updated": 0
  },
  {
    "id": "694d3d77-56ca-4473-b4b3-46425443fa0b",
    "data": [
      {
        "text": "было приятно с тобой познакомиться",
        "userDefined": false
      }
    ],
    "isTemplate": false,
    "count": 0,
    "updated": 0
  },
  {
    "id": "33b8b611-b09f-4740-98bb-646fabe86137",
    "data": [
      {
        "text": "рада знакомству с тобой",
        "userDefined": false
      }
    ],
    "isTemplate": false,
    "count": 0,
    "updated": 0
  },
  {
    "id": "a6c1e99a-d57e-4975-86f7-d0664b2970e1",
    "data": [
      {
        "text": "рад познакомиться",
        "userDefined": false
      }
    ],
    "isTemplate": false,
    "count": 0,
    "updated": 0
  }
]