[
  {
    "id": "dd36ce24-7664-4e17-a4af-f8a22fbc9024",
    "data": [
      {
        "text": "я снова здесь с тобой",
        "userDefined": false
      }
    ],
    "isTemplate": false,
    "count": 0,
    "updated": 0
  },
  {
    "id": "91ebc349-dc44-49dc-b246-e95f11432886",
    "data": [
      {
        "text": "и снова я здесь",
        "userDefined": false
      }
    ],
    "isTemplate": false,
    "count": 0,
    "updated": 0
  },
  {
    "id": "3d1e2afa-f739-42d0-a787-95c0347fb09f",
    "data": [
      {
        "text": "я вернулся",
        "userDefined": false
      }
    ],
    "isTemplate": false,
    "count": 0,
    "updated": 0
  },
  {
    "id": "5aba3b76-e061-4a6a-91a0-dd9b828179ee",
    "data": [
      {
        "text": "я снова здесь",
        "userDefined": false
      }
    ],
    "isTemplate": false,
    "count": 0,
    "updated": 0
  },
  {
    "id": "84c73da0-92d0-4c6d-a346-9ec1a14b6e54",
    "data": [
      {
        "text": "а вот и я",
        "userDefined": false
      }
    ],
    "isTemplate": false,
    "count": 0,
    "updated": 0
  },
  {
    "id": "d2e7d817-7562-4d39-a2f5-e443002f6310",
    "data": [
      {
        "text": "это снова я",
        "userDefined": false
      }
    ],
    "isTemplate": false,
    "count": 0,
    "updated": 0
  },
  {
    "id": "7e055235-b9e6-4bec-8a67-3eacf2fff744",
    "data": [
      {
        "text": "я вернулась",
        "userDefined": false
      }
    ],
    "isTemplate": false,
    "count": 0,
    "updated": 0
  },
  {
    "id": "209ce94d-7bae-470e-a52b-7c94d816b5ec",
    "data": [
      {
        "text": "я снова тут",
        "userDefined": false
      }
    ],
    "isTemplate": false,
    "count": 0,
    "updated": 0
  }
]