[
  {
    "id": "143ce18b-1014-4b7d-a5c1-e7b1192981bb",
    "data": [
      {
        "text": "я шучу",
        "userDefined": false
      }
    ],
    "isTemplate": false,
    "count": 0,
    "updated": 0
  },
  {
    "id": "484c4912-e724-4e67-a426-405e1193d600",
    "data": [
      {
        "text": "я пошутил",
        "userDefined": false
      }
    ],
    "isTemplate": false,
    "count": 0,
    "updated": 0
  },
  {
    "id": "a2d8f7e4-0ff0-4599-9cdf-e61225161824",
    "data": [
      {
        "text": "я просто пошутила",
        "userDefined": false
      }
    ],
    "isTemplate": false,
    "count": 0,
    "updated": 0
  },
  {
    "id": "b556a160-a664-48dc-a46b-a7f21c78b415",
    "data": [
      {
        "text": "это была шутка",
        "userDefined": false
      }
    ],
    "isTemplate": false,
    "count": 0,
    "updated": 0
  },
  {
    "id": "7f5bb612-013c-4157-9548-6aa8bbf5bab3",
    "data": [
      {
        "text": "шучу",
        "userDefined": false
      }
    ],
    "isTemplate": false,
    "count": 0,
    "updated": 0
  },
  {
    "id": "1c7437b4-e6bf-4c6d-9f35-3eb1cce41ef2",
    "data": [
      {
        "text": "это шуточка",
        "userDefined": false
      }
    ],
    "isTemplate": false,
    "count": 0,
    "updated": 0
  },
  {
    "id": "894dd294-96aa-416f-8394-cea199ee2c69",
    "data": [
      {
        "text": "подшутила над тобой",
        "userDefined": false
      }
    ],
    "isTemplate": false,
    "count": 0,
    "updated": 0
  },
  {
    "id": "5416d311-3643-413c-abda-4dff1233904c",
    "data": [
      {
        "text": "я тебя разыграл",
        "userDefined": false
      }
    ],
    "isTemplate": false,
    "count": 0,
    "updated": 0
  },
  {
    "id": "5de0c6e6-9c51-443f-878d-4946b720faec",
    "data": [
      {
        "text": "одурачил тебя",
        "userDefined": false
      }
    ],
    "isTemplate": false,
    "count": 0,
    "updated": 0
  },
  {
    "id": "12f097be-cb2c-42a2-aff3-ba611b149723",
    "data": [
      {
        "text": "шутки шуточки",
        "userDefined": false
      }
    ],
    "isTemplate": false,
    "count": 0,
    "updated": 0
  },
  {
    "id": "e39f6d5c-4957-4a9b-96f1-ce8caa3ab278",
    "data": [
      {
        "text": "я просто игрался с тобой",
        "userDefined": false
      }
    ],
    "isTemplate": false,
    "count": 0,
    "updated": 0
  }
]