[
  {
    "id": "09f484a0-99fc-4b21-9517-0d938746f6da",
    "data": [
      {
        "text": "я нахожусь здесь",
        "userDefined": false
      }
    ],
    "isTemplate": false,
    "count": 0,
    "updated": 0
  },
  {
    "id": "b486da82-b2d1-48b1-a97a-848a79ca0209",
    "data": [
      {
        "text": "я здесь",
        "userDefined": false
      }
    ],
    "isTemplate": false,
    "count": 0,
    "updated": 0
  },
  {
    "id": "b9f1cb4c-9b90-449c-8124-ad76cef79217",
    "data": [
      {
        "text": "тут я",
        "userDefined": false
      }
    ],
    "isTemplate": false,
    "count": 0,
    "updated": 0
  },
  {
    "id": "7ac69dac-d80c-431e-bc5b-16aea8d8531f",
    "data": [
      {
        "text": "я прямо здесь",
        "userDefined": false
      }
    ],
    "isTemplate": false,
    "count": 0,
    "updated": 0
  },
  {
    "id": "b699d26e-dd06-4efe-84a8-f2cb24b92606",
    "data": [
      {
        "text": "я уже здесь",
        "userDefined": false
      }
    ],
    "isTemplate": false,
    "count": 0,
    "updated": 0
  },
  {
    "id": "f11fe0dc-9fa9-4dd0-9fe2-74e6f493ad7d",
    "data": [
      {
        "text": "я тут",
        "userDefined": false
      }
    ],
    "isTemplate": false,
    "count": 0,
    "updated": 0
  }
]