[
  {
    "id": "cf834a7c-fc18-4f64-bb2b-755eb8271b56",
    "data": [
      {
        "text": "доброй ночи",
        "userDefined": false
      }
    ],
    "isTemplate": false,
    "count": 0,
    "updated": 0
  },
  {
    "id": "4d67aea4-b6e7-461c-9f74-c8bf522af46f",
    "data": [
      {
        "text": "спокойной ночи",
        "userDefined": false
      }
    ],
    "isTemplate": false,
    "count": 0,
    "updated": 0
  },
  {
    "id": "30106df8-7bca-4778-b86c-bfd50235dc44",
    "data": [
      {
        "text": "доброй тебе ночи",
        "userDefined": false
      }
    ],
    "isTemplate": false,
    "count": 0,
    "updated": 0
  },
  {
    "id": "932c1fed-ea76-47fb-ab0f-0a8a0ec81a68",
    "data": [
      {
        "text": "доброй ночи тебе",
        "userDefined": false
      }
    ],
    "isTemplate": false,
    "count": 0,
    "updated": 0
  },
  {
    "id": "e7df2b06-b1b9-4936-a83a-259de9dde399",
    "data": [
      {
        "text": "спасибо спокойной ночи",
        "userDefined": false
      }
    ],
    "isTemplate": false,
    "count": 0,
    "updated": 0
  },
  {
    "id": "cd8f4504-f4e4-4808-a5f0-96df2674e3fa",
    "data": [
      {
        "text": "пока спокойной ночи",
        "userDefined": false
      }
    ],
    "isTemplate": false,
    "count": 0,
    "updated": 0
  },
  {
    "id": "3932c692-5239-472c-8981-4f4c307753ab",
    "data": [
      {
        "text": "доброй ночи и всего доброго",
        "userDefined": false
      }
    ],
    "isTemplate": false,
    "count": 0,
    "updated": 0
  },
  {
    "id": "17744b28-0091-46e6-9d3b-0e2a26291295",
    "data": [
      {
        "text": "пока доброй ночи",
        "userDefined": false
      }
    ],
    "isTemplate": false,
    "count": 1,
    "updated": 0
  },
  {
    "id": "7d402cc8-6fa2-4ef3-9f48-5f477e8c4102",
    "data": [
      {
        "text": "на сегодня всё спокойной ночи тебе",
        "userDefined": false
      }
    ],
    "isTemplate": false,
    "count": 0,
    "updated": 0
  },
  {
    "id": "7448876c-103a-4319-8bb4-90ca9afeb211",
    "data": [
      {
        "text": "и тебе спокойной ночи",
        "userDefined": false
      }
    ],
    "isTemplate": false,
    "count": 0,
    "updated": 0
  },
  {
    "id": "32254630-244e-4839-9fbc-11c61c05ad33",
    "data": [
      {
        "text": "уже ",
        "userDefined": false
      },
      {
        "text": "ночь",
        "meta": "@sys.ignore",
        "userDefined": false
      },
      {
        "text": " спокойной ",
        "userDefined": false
      },
      {
        "text": "ночи",
        "meta": "@sys.ignore",
        "userDefined": false
      }
    ],
    "isTemplate": false,
    "count": 0,
    "updated": 0
  },
  {
    "id": "7441fef8-f0b6-44d0-890b-921b1e40bb5d",
    "data": [
      {
        "text": "спокойной",
        "meta": "@sys.ignore",
        "userDefined": false
      },
      {
        "text": " ночи увидимся завтра",
        "userDefined": false
      }
    ],
    "isTemplate": false,
    "count": 0,
    "updated": 0
  },
  {
    "id": "3b008647-f4ff-4db4-a8ac-ad3c4116913c",
    "data": [
      {
        "text": "до завтра спокойной ночи",
        "userDefined": false
      }
    ],
    "isTemplate": false,
    "count": 0,
    "updated": 0
  }
]