[
  {
    "id": "35907196-62d5-46aa-a7a9-588e16f47efe",
    "data": [
      {
        "text": "нет",
        "userDefined": false
      }
    ],
    "isTemplate": false,
    "count": 0,
    "updated": 0
  },
  {
    "id": "af9b00fa-d51a-4650-9b76-b95aedd27040",
    "data": [
      {
        "text": "не хочу",
        "userDefined": false
      }
    ],
    "isTemplate": false,
    "count": 0,
    "updated": 0
  },
  {
    "id": "72452166-208a-46c0-96d9-eca33ef6bd2d",
    "data": [
      {
        "text": "не стоит",
        "userDefined": false
      }
    ],
    "isTemplate": false,
    "count": 0,
    "updated": 0
  },
  {
    "id": "f660731d-2c1c-4ff2-9eb3-76d57273bb30",
    "data": [
      {
        "text": "не надо",
        "userDefined": false
      }
    ],
    "isTemplate": false,
    "count": 0,
    "updated": 0
  },
  {
    "id": "17d4011b-94ce-4e72-b6aa-72864cc21219",
    "data": [
      {
        "text": "не нужно",
        "userDefined": false
      }
    ],
    "isTemplate": false,
    "count": 0,
    "updated": 0
  },
  {
    "id": "ce5e59c5-9b20-4fda-b70f-e824f563775a",
    "data": [
      {
        "text": "не-а",
        "userDefined": false
      }
    ],
    "isTemplate": false,
    "count": 0,
    "updated": 0
  },
  {
    "id": "552a04f8-c3ea-4a89-824d-ba4a015fa1d6",
    "data": [
      {
        "text": "не думаю",
        "userDefined": false
      }
    ],
    "isTemplate": false,
    "count": 0,
    "updated": 0
  },
  {
    "id": "d839e7a0-cc53-4b86-afe9-41b219514481",
    "data": [
      {
        "text": "ни за что",
        "userDefined": false
      }
    ],
    "isTemplate": false,
    "count": 0,
    "updated": 0
  },
  {
    "id": "9e538156-1944-4c22-b226-be1dca9a71d7",
    "data": [
      {
        "text": "неправильно",
        "userDefined": false
      }
    ],
    "isTemplate": false,
    "count": 0,
    "updated": 0
  },
  {
    "id": "ee90d7b0-74c1-4b1e-8112-30ada621076d",
    "data": [
      {
        "text": "нет не надо",
        "userDefined": false
      }
    ],
    "isTemplate": false,
    "count": 0,
    "updated": 0
  },
  {
    "id": "50f7c8cb-935c-42a9-9459-8ca57d6e13a4",
    "data": [
      {
        "text": "ответ отрицательный",
        "userDefined": false
      }
    ],
    "isTemplate": false,
    "count": 0,
    "updated": 0
  },
  {
    "id": "719b0e3d-6ed9-4acf-a4aa-238e3c8f522e",
    "data": [
      {
        "text": "я не хочу",
        "userDefined": false
      }
    ],
    "isTemplate": false,
    "count": 1,
    "updated": 0
  },
  {
    "id": "b725aa98-3522-4548-9f53-360c02db4c0f",
    "data": [
      {
        "text": "не",
        "userDefined": false
      }
    ],
    "isTemplate": false,
    "count": 0,
    "updated": 0
  },
  {
    "id": "9f86ad78-9109-4fe5-8397-b92580eb8b89",
    "data": [
      {
        "text": "спасибо не надо",
        "userDefined": false
      }
    ],
    "isTemplate": false,
    "count": 0,
    "updated": 0
  },
  {
    "id": "4d0658d3-0a69-4705-a2aa-bce6c7b9813f",
    "data": [
      {
        "text": "конечно нет",
        "userDefined": false
      }
    ],
    "isTemplate": false,
    "count": 0,
    "updated": 0
  },
  {
    "id": "088291d2-0003-4720-9cdc-bf3dc2b0dd88",
    "data": [
      {
        "text": "не нужно спасибо",
        "userDefined": false
      }
    ],
    "isTemplate": false,
    "count": 0,
    "updated": 0
  },
  {
    "id": "ff9464c6-f9b0-4085-8682-8ad7a0d4b9e5",
    "data": [
      {
        "text": "мой ответ нет",
        "userDefined": false
      }
    ],
    "isTemplate": false,
    "count": 0,
    "updated": 0
  },
  {
    "id": "44b44c9c-67e8-46a6-b48a-86b6f89ce1d6",
    "data": [
      {
        "text": "ответ нет",
        "userDefined": false
      }
    ],
    "isTemplate": false,
    "count": 0,
    "updated": 0
  },
  {
    "id": "e723d6d4-96c8-4209-8869-84d256213cbc",
    "data": [
      {
        "text": "вообще-то нет",
        "userDefined": false
      }
    ],
    "isTemplate": false,
    "count": 0,
    "updated": 0
  },
  {
    "id": "4a1454f1-2fa1-46d3-89cf-1ad645d5839a",
    "data": [
      {
        "text": "спасибо но нет",
        "userDefined": false
      }
    ],
    "isTemplate": false,
    "count": 0,
    "updated": 0
  },
  {
    "id": "95092a07-4332-4ea0-ae47-02b95f7cdeaa",
    "data": [
      {
        "text": "не делай этого",
        "userDefined": false
      }
    ],
    "isTemplate": false,
    "count": 0,
    "updated": 0
  }
]