[
  {
    "id": "d53824d9-fd06-47b7-9a9d-deedee5d0184",
    "data": [
      {
        "text": "не хочу разговаривать",
        "userDefined": false
      }
    ],
    "isTemplate": false,
    "count": 0,
    "updated": 0
  },
  {
    "id": "5120fe12-a27f-4d7f-9c79-4bdf3ed7c18b",
    "data": [
      {
        "text": "давай немного помолчим",
        "userDefined": false
      }
    ],
    "isTemplate": false,
    "count": 0,
    "updated": 0
  },
  {
    "id": "d9d87eef-2f22-4de3-94b6-7b77ae7cece8",
    "data": [
      {
        "text": "я не хочу разговаривать с тобой об этом",
        "userDefined": false
      }
    ],
    "isTemplate": false,
    "count": 0,
    "updated": 0
  },
  {
    "id": "e4f2bbe4-5924-4da7-b112-f94c5b84c3ea",
    "data": [
      {
        "text": "давай помолчим",
        "userDefined": false
      }
    ],
    "isTemplate": false,
    "count": 0,
    "updated": 0
  },
  {
    "id": "cde0c033-fe4b-44ab-8bb8-8dbcf8ca690f",
    "data": [
      {
        "text": "я больше с тобой не разговариваю",
        "userDefined": false
      }
    ],
    "isTemplate": false,
    "count": 0,
    "updated": 0
  },
  {
    "id": "751190eb-fe02-4203-8030-884372c2fcb6",
    "data": [
      {
        "text": "не хочу с тобой общаться",
        "userDefined": false
      }
    ],
    "isTemplate": false,
    "count": 0,
    "updated": 0
  },
  {
    "id": "a1d447a3-2ad7-4bb0-afaa-8a08b1097877",
    "data": [
      {
        "text": "давай замолчим на минутку",
        "userDefined": false
      }
    ],
    "isTemplate": false,
    "count": 0,
    "updated": 0
  },
  {
    "id": "60903502-c163-461d-8cb2-411dc48b66b3",
    "data": [
      {
        "text": "я не в настроении разговаривать",
        "userDefined": false
      }
    ],
    "isTemplate": false,
    "count": 0,
    "updated": 0
  }
]