[
  {
    "id": "9b161d60-1853-473d-b36b-1956d6f1c74b",
    "data": [
      {
        "text": "отмена",
        "userDefined": false
      }
    ],
    "isTemplate": false,
    "count": 1,
    "updated": 0
  },
  {
    "id": "2936210e-da68-4d2b-95a8-2ba354207d55",
    "data": [
      {
        "text": "отменить",
        "userDefined": false
      }
    ],
    "isTemplate": false,
    "count": 0,
    "updated": 0
  },
  {
    "id": "ec53a92f-e0ea-48e0-9978-ccc5ee2700e7",
    "data": [
      {
        "text": "перестань",
        "userDefined": false
      }
    ],
    "isTemplate": false,
    "count": 0,
    "updated": 0
  },
  {
    "id": "4260549c-5c9c-4696-b7b0-776ed9f51af9",
    "data": [
      {
        "text": "хватит",
        "userDefined": false
      }
    ],
    "isTemplate": false,
    "count": 0,
    "updated": 0
  },
  {
    "id": "86a808a2-b1b1-451b-a78d-8a3ee0bc3662",
    "data": [
      {
        "text": "стоп",
        "userDefined": false
      }
    ],
    "isTemplate": false,
    "count": 0,
    "updated": 0
  },
  {
    "id": "ceb7c0f7-4cc6-4a54-9aa2-202bdc2fc452",
    "data": [
      {
        "text": "отменить действие",
        "userDefined": false
      }
    ],
    "isTemplate": false,
    "count": 0,
    "updated": 0
  },
  {
    "id": "01ad6d1d-f42a-456b-af56-cd06fc97f93d",
    "data": [
      {
        "text": "отмени",
        "userDefined": false
      }
    ],
    "isTemplate": false,
    "count": 0,
    "updated": 0
  },
  {
    "id": "d07c8ea9-e730-438e-92f7-41a38539ec15",
    "data": [
      {
        "text": "прекрати",
        "userDefined": false
      }
    ],
    "isTemplate": false,
    "count": 0,
    "updated": 0
  },
  {
    "id": "a9844590-af57-401c-8b96-78badc7d70fb",
    "data": [
      {
        "text": "забудь",
        "userDefined": false
      }
    ],
    "isTemplate": false,
    "count": 0,
    "updated": 0
  },
  {
    "id": "4c6fcda6-1afd-4b92-8144-73adc99f8087",
    "data": [
      {
        "text": "забудь об этом",
        "userDefined": false
      }
    ],
    "isTemplate": false,
    "count": 0,
    "updated": 0
  }
]