[
  {
    "id": "f1864106-7a53-40e0-aa66-846700e35a90",
    "data": [
      {
        "text": "могу я поговорить с тобой",
        "userDefined": false
      }
    ],
    "isTemplate": false,
    "count": 0,
    "updated": 0
  },
  {
    "id": "308b0c72-75c7-4715-9cf1-c3d2193b3566",
    "data": [
      {
        "text": "можем поговорить",
        "userDefined": false
      }
    ],
    "isTemplate": false,
    "count": 0,
    "updated": 0
  },
  {
    "id": "eb5c4eff-5997-4966-adb6-ca797ada3d48",
    "data": [
      {
        "text": "давай поговорим",
        "userDefined": false
      }
    ],
    "isTemplate": false,
    "count": 0,
    "updated": 0
  },
  {
    "id": "1ca5ab86-d63a-4d30-9277-fd16e4de5773",
    "data": [
      {
        "text": "хочу поговорить с тобой",
        "userDefined": false
      }
    ],
    "isTemplate": false,
    "count": 0,
    "updated": 0
  },
  {
    "id": "b635515e-b9f0-47c9-90df-27d336f39257",
    "data": [
      {
        "text": "мне нужно с тобой поговорить",
        "userDefined": false
      }
    ],
    "isTemplate": false,
    "count": 0,
    "updated": 0
  },
  {
    "id": "32e56c0c-1e04-4f41-9382-9e5e64ff1e91",
    "data": [
      {
        "text": "я хочу поговорить с тобой",
        "userDefined": false
      }
    ],
    "isTemplate": false,
    "count": 0,
    "updated": 0
  },
  {
    "id": "c34c537d-2c3c-4fa0-bf2e-6ca91b485fa0",
    "data": [
      {
        "text": "хочешь поболтать",
        "userDefined": false
      }
    ],
    "isTemplate": false,
    "count": 0,
    "updated": 0
  },
  {
    "id": "5228537a-1e3a-4a62-9dda-ba99f4697930",
    "data": [
      {
        "text": "может поболтаем",
        "userDefined": false
      }
    ],
    "isTemplate": false,
    "count": 0,
    "updated": 0
  }
]