[
  {
    "id": "2c341cfa-d7e1-430a-a4fd-4751e96c10d0",
    "data": [
      {
        "text": "у меня ",
        "userDefined": false
      },
      {
        "text": "сегодня",
        "meta": "@sys.ignore",
        "userDefined": false
      },
      {
        "text": " ",
        "userDefined": false
      },
      {
        "text": "день",
        "meta": "@sys.ignore",
        "userDefined": false
      },
      {
        "text": " рождения",
        "userDefined": false
      }
    ],
    "isTemplate": false,
    "count": 0,
    "updated": 0
  },
  {
    "id": "530b9efb-b8a4-42b9-8508-9fc4beaab881",
    "data": [
      {
        "text": "мой день рождения сегодня",
        "userDefined": false
      }
    ],
    "isTemplate": false,
    "count": 0,
    "updated": 0
  },
  {
    "id": "21c34f20-f6dd-474e-92bd-247296a1e376",
    "data": [
      {
        "text": "сегодня я праздную свой день рождения",
        "userDefined": false
      }
    ],
    "isTemplate": false,
    "count": 0,
    "updated": 0
  },
  {
    "id": "52463393-51a9-4745-a7b9-07e1451f7ce9",
    "data": [
      {
        "text": "сегодня у меня день рождения",
        "userDefined": false
      }
    ],
    "isTemplate": false,
    "count": 0,
    "updated": 0
  },
  {
    "id": "3fdc149f-cb71-48a1-93b0-e10d2469a35b",
    "data": [
      {
        "text": "в этот день я родился",
        "userDefined": false
      }
    ],
    "isTemplate": false,
    "count": 0,
    "updated": 0
  },
  {
    "id": "b4b66d90-d5e7-4045-bd8d-cb4d41ac36fa",
    "data": [
      {
        "text": "это мой день рождения",
        "userDefined": false
      }
    ],
    "isTemplate": false,
    "count": 0,
    "updated": 0
  },
  {
    "id": "f725d9e9-3424-47e4-94c4-a3b215169c00",
    "data": [
      {
        "text": "праздную свой день рождения",
        "userDefined": false
      }
    ],
    "isTemplate": false,
    "count": 0,
    "updated": 0
  }
]