[
  {
    "id": "d2b46055-68e3-4cdb-ac3a-27c36b5ec074",
    "data": [
      {
        "text": "как же хочется спать",
        "userDefined": false
      }
    ],
    "isTemplate": false,
    "count": 0,
    "updated": 0
  },
  {
    "id": "23bf2ce9-7474-40bc-83e0-5cc9faa5dd19",
    "data": [
      {
        "text": "я заснула",
        "userDefined": false
      }
    ],
    "isTemplate": false,
    "count": 0,
    "updated": 0
  },
  {
    "id": "c4516949-a976-48d5-ba9b-b0b94dc15bc4",
    "data": [
      {
        "text": "хочется выспаться",
        "userDefined": false
      }
    ],
    "isTemplate": false,
    "count": 0,
    "updated": 0
  },
  {
    "id": "b257ac9f-5f82-44d6-a5fe-dfd9ac45bab0",
    "data": [
      {
        "text": "я сонный",
        "userDefined": false
      }
    ],
    "isTemplate": false,
    "count": 0,
    "updated": 0
  },
  {
    "id": "634325d8-bc5c-4e46-9ef0-b0f37408f41a",
    "data": [
      {
        "text": "я засыпаю",
        "userDefined": false
      }
    ],
    "isTemplate": false,
    "count": 0,
    "updated": 0
  },
  {
    "id": "e0554a2d-b0a8-4e52-b9f3-207bd847c401",
    "data": [
      {
        "text": "хочу спать",
        "userDefined": false
      }
    ],
    "isTemplate": false,
    "count": 0,
    "updated": 0
  },
  {
    "id": "04abfa3d-6001-47cf-a06d-1719967048f3",
    "data": [
      {
        "text": "я с ног валюсь",
        "userDefined": false
      }
    ],
    "isTemplate": false,
    "count": 0,
    "updated": 0
  },
  {
    "id": "c02524b2-ac27-4562-a242-2c8dea11e667",
    "data": [
      {
        "text": "я уже сплю",
        "userDefined": false
      }
    ],
    "isTemplate": false,
    "count": 0,
    "updated": 0
  },
  {
    "id": "6abb8a00-36de-40e1-b294-a615b166b36b",
    "data": [
      {
        "text": "я очень сонный",
        "userDefined": false
      }
    ],
    "isTemplate": false,
    "count": 0,
    "updated": 0
  }
]