[
  {
    "id": "2b8bbcf6-1408-4f7d-8cea-3a85d98c156a",
    "data": [
      {
        "text": "извини меня",
        "userDefined": false
      }
    ],
    "isTemplate": false,
    "count": 1,
    "updated": 0
  },
  {
    "id": "823df955-50a8-47bd-ae4b-e9b563cebd45",
    "data": [
      {
        "text": "извиняюсь",
        "userDefined": false
      }
    ],
    "isTemplate": false,
    "count": 0,
    "updated": 0
  },
  {
    "id": "7dde4e89-5867-4018-a8c9-0e70bd0e4837",
    "data": [
      {
        "text": "прости",
        "userDefined": false
      }
    ],
    "isTemplate": false,
    "count": 0,
    "updated": 0
  },
  {
    "id": "08d2222c-fca1-4dba-b512-a44101f3fa15",
    "data": [
      {
        "text": "прошу прощения",
        "userDefined": false
      }
    ],
    "isTemplate": false,
    "count": 0,
    "updated": 0
  },
  {
    "id": "eb5a0ae0-4445-4e06-ae35-64a4e8292e42",
    "data": [
      {
        "text": "я сожалею",
        "userDefined": false
      }
    ],
    "isTemplate": false,
    "count": 1,
    "updated": 0
  },
  {
    "id": "07c8600a-b0a4-44f1-a486-8a9e1080a193",
    "data": [
      {
        "text": "я так сожалею",
        "userDefined": false
      }
    ],
    "isTemplate": false,
    "count": 0,
    "updated": 0
  },
  {
    "id": "2e7fc277-8834-4cce-9776-aefecdea216f",
    "data": [
      {
        "text": "мне так жаль",
        "userDefined": false
      }
    ],
    "isTemplate": false,
    "count": 0,
    "updated": 0
  },
  {
    "id": "1c88c4e6-82a0-44af-bce1-1903c85b1949",
    "data": [
      {
        "text": "прими мои извинения",
        "userDefined": false
      }
    ],
    "isTemplate": false,
    "count": 0,
    "updated": 0
  },
  {
    "id": "837ebf87-671f-4426-a31b-5c9ff3070888",
    "data": [
      {
        "text": "прошу тебя извини меня",
        "userDefined": false
      }
    ],
    "isTemplate": false,
    "count": 0,
    "updated": 0
  },
  {
    "id": "06c3d08f-05de-4c0b-a822-c4fb9de8bc97",
    "data": [
      {
        "text": "прости меня",
        "userDefined": false
      }
    ],
    "isTemplate": false,
    "count": 1,
    "updated": 0
  },
  {
    "id": "de669d38-44d8-4321-95b5-2740c70128c9",
    "data": [
      {
        "text": "я сказал прости",
        "userDefined": false
      }
    ],
    "isTemplate": false,
    "count": 1,
    "updated": 0
  },
  {
    "id": "75237c91-c7e1-4cd0-a71b-616b65475d7c",
    "data": [
      {
        "text": "мне действительно жаль",
        "userDefined": false
      }
    ],
    "isTemplate": false,
    "count": 0,
    "updated": 0
  },
  {
    "id": "5da38bd4-15a4-4194-9c39-5b18a25a9f7c",
    "data": [
      {
        "text": "говорю же извини",
        "userDefined": false
      }
    ],
    "isTemplate": false,
    "count": 0,
    "updated": 0
  },
  {
    "id": "bdb28bbc-7ae6-4302-8c30-2976f9996708",
    "data": [
      {
        "text": "мне правда жаль",
        "userDefined": false
      }
    ],
    "isTemplate": false,
    "count": 0,
    "updated": 0
  },
  {
    "id": "e5b870f0-caba-4991-bbde-e919a8d5948b",
    "data": [
      {
        "text": "вот насчёт этого я сожалею",
        "userDefined": false
      }
    ],
    "isTemplate": false,
    "count": 0,
    "updated": 0
  },
  {
    "id": "87d9794a-723f-4727-86b2-e5c5eefe64ca",
    "data": [
      {
        "text": "жаль",
        "userDefined": false
      }
    ],
    "isTemplate": false,
    "count": 0,
    "updated": 0
  },
  {
    "id": "785a3d45-3755-4fea-9d3a-1807d2fbc624",
    "data": [
      {
        "text": "правда жаль",
        "userDefined": false
      }
    ],
    "isTemplate": false,
    "count": 0,
    "updated": 0
  },
  {
    "id": "cccb6a6a-5fa9-465a-a9c5-cee6da0fa3d8",
    "data": [
      {
        "text": "очень извиняюсь",
        "userDefined": false
      }
    ],
    "isTemplate": false,
    "count": 0,
    "updated": 0
  },
  {
    "id": "b8af3d3d-59cb-45e6-b5df-b07d2dec1264",
    "data": [
      {
        "text": "хорошо прости",
        "userDefined": false
      }
    ],
    "isTemplate": false,
    "count": 0,
    "updated": 0
  },
  {
    "id": "5834089b-ee10-4431-8f5b-36a7d1ae4379",
    "data": [
      {
        "text": "хочу перед тобой извиниться",
        "userDefined": false
      }
    ],
    "isTemplate": false,
    "count": 0,
    "updated": 0
  },
  {
    "id": "4e302391-478d-49b3-8b21-7cbfbfbe5ad8",
    "data": [
      {
        "text": "хорошо мне жаль",
        "userDefined": false
      }
    ],
    "isTemplate": false,
    "count": 1,
    "updated": 0
  },
  {
    "id": "acce147c-1792-4b4b-9fdf-d6b3dd0b95ab",
    "data": [
      {
        "text": "окей я прошу прощения",
        "userDefined": false
      }
    ],
    "isTemplate": false,
    "count": 0,
    "updated": 0
  }
]