[
  {
    "id": "93ac7fb9-2c5b-4a22-8aa0-7fc141ae00e4",
    "data": [
      {
        "text": "я правда хорошо выгляжу",
        "userDefined": false
      }
    ],
    "isTemplate": false,
    "count": 0,
    "updated": 0
  },
  {
    "id": "14bc8b3b-64c8-4555-b6b2-a586dd33b873",
    "data": [
      {
        "text": "как я выгляжу",
        "userDefined": false
      }
    ],
    "isTemplate": false,
    "count": 0,
    "updated": 0
  },
  {
    "id": "1c6b65a4-b87d-4494-80d7-5b404bec42ec",
    "data": [
      {
        "text": "я хорошо выгляжу",
        "userDefined": false
      }
    ],
    "isTemplate": false,
    "count": 0,
    "updated": 0
  },
  {
    "id": "3206adf5-0a79-4499-96ce-aaace9eb03cd",
    "data": [
      {
        "text": "нормально ли я выгляжу",
        "userDefined": false
      }
    ],
    "isTemplate": false,
    "count": 0,
    "updated": 0
  },
  {
    "id": "4cdb8e07-9c14-4a7b-8b3c-d52cea322aba",
    "data": [
      {
        "text": "ты знаешь как я выгляжу",
        "userDefined": false
      }
    ],
    "isTemplate": false,
    "count": 0,
    "updated": 0
  },
  {
    "id": "1d05c2da-dac0-4341-b9ef-0052587d63ac",
    "data": [
      {
        "text": "ты видишь как я выгляжу",
        "userDefined": false
      }
    ],
    "isTemplate": false,
    "count": 0,
    "updated": 0
  },
  {
    "id": "a4542611-3172-4785-90cf-a10580d2649a",
    "data": [
      {
        "text": "как по-твоему я выгляжу",
        "userDefined": false
      }
    ],
    "isTemplate": false,
    "count": 0,
    "updated": 0
  }
]