[
  {
    "id": "41ca9842-6310-4309-a3bb-e4150e1e6b91",
    "data": [
      {
        "text": "доброе утро",
        "userDefined": false
      }
    ],
    "isTemplate": false,
    "count": 0,
    "updated": 0
  },
  {
    "id": "12d14c38-3a07-4827-b1cd-86ab65b1bc37",
    "data": [
      {
        "text": "с добрым утром",
        "userDefined": false
      }
    ],
    "isTemplate": false,
    "count": 0,
    "updated": 0
  },
  {
    "id": "10034cd3-49a2-4a55-a252-f49444ad411b",
    "data": [
      {
        "text": "привет с добрым утром",
        "userDefined": false
      }
    ],
    "isTemplate": false,
    "count": 0,
    "updated": 0
  },
  {
    "id": "c2606cd2-8926-4a8c-8102-4d971ad22266",
    "data": [
      {
        "text": "хорошего утра",
        "userDefined": false
      }
    ],
    "isTemplate": false,
    "count": 0,
    "updated": 0
  },
  {
    "id": "b18938c0-75e6-4a11-acd0-066ac5e21759",
    "data": [
      {
        "text": "прекрасного утра",
        "userDefined": false
      }
    ],
    "isTemplate": false,
    "count": 0,
    "updated": 0
  },
  {
    "id": "4a7319d2-77e0-4e62-9a99-98ad7a3f2b20",
    "data": [
      {
        "text": "с",
        "meta": "@sys.ignore",
        "userDefined": false
      },
      {
        "text": " добрым утром тебя",
        "userDefined": false
      }
    ],
    "isTemplate": false,
    "count": 0,
    "updated": 0
  },
  {
    "id": "d3977296-0947-40bc-b9b4-fe88190c95a9",
    "data": [
      {
        "text": "добрейшего утра",
        "userDefined": false
      }
    ],
    "isTemplate": false,
    "count": 0,
    "updated": 0
  },
  {
    "id": "1674052b-b6de-4722-9c12-aa68158429ea",
    "data": [
      {
        "text": "утро доброе",
        "userDefined": false
      }
    ],
    "isTemplate": false,
    "count": 0,
    "updated": 0
  },
  {
    "id": "428375a7-42ce-4c9f-8fb7-f892d775d57d",
    "data": [
      {
        "text": "доброго утра",
        "userDefined": false
      }
    ],
    "isTemplate": false,
    "count": 0,
    "updated": 0
  },
  {
    "id": "6c55e3e6-d057-435f-9ebf-02587bce4689",
    "data": [
      {
        "text": "доброго тебе утра",
        "userDefined": false
      }
    ],
    "isTemplate": false,
    "count": 0,
    "updated": 0
  },
  {
    "id": "5e2b163f-bb2c-48f3-bc49-ee3e11e9ae3f",
    "data": [
      {
        "text": "утро доброе утро",
        "userDefined": false
      }
    ],
    "isTemplate": false,
    "count": 0,
    "updated": 0
  },
  {
    "id": "6008d8e3-9db7-469c-a3fc-077dfa71d427",
    "data": [
      {
        "text": "привет и хорошего утра тебе",
        "userDefined": false
      }
    ],
    "isTemplate": false,
    "count": 0,
    "updated": 0
  },
  {
    "id": "7dbcf371-7168-4617-968d-5e49dcea9431",
    "data": [
      {
        "text": "и тебя с добрым утром",
        "userDefined": false
      }
    ],
    "isTemplate": false,
    "count": 0,
    "updated": 0
  }
]