[
  {
    "id": "f16df4d4-1d2a-4e31-a495-ef06d793b75d",
    "data": [
      {
        "text": "я в порядке спасибо",
        "userDefined": false
      }
    ],
    "isTemplate": false,
    "count": 0,
    "updated": 0
  },
  {
    "id": "dc3049e3-e29f-40dd-b8f5-5bdf177a01c9",
    "data": [
      {
        "text": "у меня всё хорошо",
        "userDefined": false
      }
    ],
    "isTemplate": false,
    "count": 0,
    "updated": 0
  },
  {
    "id": "4407e1eb-80c8-43f4-bf65-998f76d43c1d",
    "data": [
      {
        "text": "у меня всё в порядке",
        "userDefined": false
      }
    ],
    "isTemplate": false,
    "count": 0,
    "updated": 0
  },
  {
    "id": "e2a12c70-4ce3-4d95-be52-942f14c911be",
    "data": [
      {
        "text": "у меня всё просто прекрасно",
        "userDefined": false
      }
    ],
    "isTemplate": false,
    "count": 0,
    "updated": 0
  },
  {
    "id": "0a466641-210f-4d16-8b9f-efceceacdb7b",
    "data": [
      {
        "text": "у меня всё чудесно благодарю",
        "userDefined": false
      }
    ],
    "isTemplate": false,
    "count": 0,
    "updated": 0
  }
]