[
  {
    "id": "204e0eb5-02b7-4114-81d2-38d53882e8f5",
    "data": [
      {
        "text": "чувствую себя уставшим",
        "userDefined": false
      }
    ],
    "isTemplate": false,
    "count": 0,
    "updated": 0
  },
  {
    "id": "871daaf9-3618-43ae-8892-60c1caa167cc",
    "data": [
      {
        "text": "я вымотана",
        "userDefined": false
      }
    ],
    "isTemplate": false,
    "count": 0,
    "updated": 0
  },
  {
    "id": "fb1da9b6-fd85-4e02-9d28-be0822c66929",
    "data": [
      {
        "text": "я опустошён",
        "userDefined": false
      }
    ],
    "isTemplate": false,
    "count": 0,
    "updated": 0
  },
  {
    "id": "2f411d69-7717-49e5-ab15-7943630eafaa",
    "data": [
      {
        "text": "я истощена",
        "userDefined": false
      }
    ],
    "isTemplate": false,
    "count": 0,
    "updated": 0
  },
  {
    "id": "7ec5a21e-4233-4217-a588-3252c81ba859",
    "data": [
      {
        "text": "я устал",
        "userDefined": false
      }
    ],
    "isTemplate": false,
    "count": 0,
    "updated": 0
  },
  {
    "id": "f70e42f4-b760-4977-a4a7-6e8423a10d8b",
    "data": [
      {
        "text": "я измотан",
        "userDefined": false
      }
    ],
    "isTemplate": false,
    "count": 0,
    "updated": 0
  },
  {
    "id": "2479f4ee-631e-4021-9484-478f7dd04823",
    "data": [
      {
        "text": "я жутко вымотался",
        "userDefined": false
      }
    ],
    "isTemplate": false,
    "count": 0,
    "updated": 0
  },
  {
    "id": "a6189961-9d9b-418b-b91a-e012edc70aa7",
    "data": [
      {
        "text": "я так устал",
        "userDefined": false
      }
    ],
    "isTemplate": false,
    "count": 0,
    "updated": 0
  },
  {
    "id": "432c3709-a3af-4d98-a854-2720741f0f74",
    "data": [
      {
        "text": "я устаю",
        "userDefined": false
      }
    ],
    "isTemplate": false,
    "count": 0,
    "updated": 0
  },
  {
    "id": "67491b71-4a92-404a-89f4-5fd0b4ca93de",
    "data": [
      {
        "text": "я изнурён",
        "userDefined": false
      }
    ],
    "isTemplate": false,
    "count": 0,
    "updated": 0
  }
]