[
  {
    "id": "43fa2f87-b6bf-41d8-899a-64ee39b4be5a",
    "data": [
      {
        "text": "я в порядке а ты",
        "userDefined": false
      }
    ],
    "isTemplate": false,
    "count": 0,
    "updated": 0
  },
  {
    "id": "27dbfb69-8156-4255-a384-5742bacf9f88",
    "data": [
      {
        "text": "как ты",
        "userDefined": false
      }
    ],
    "isTemplate": false,
    "count": 0,
    "updated": 0
  },
  {
    "id": "074b78c5-ff89-4d93-9e55-9425d97fbe1d",
    "data": [
      {
        "text": "как дела",
        "userDefined": false
      }
    ],
    "isTemplate": false,
    "count": 0,
    "updated": 0
  },
  {
    "id": "74b73300-0172-4d10-a4f8-20555b34dacb",
    "data": [
      {
        "text": "всё в порядке",
        "userDefined": false
      }
    ],
    "isTemplate": false,
    "count": 0,
    "updated": 0
  },
  {
    "id": "0ea7829c-38fc-4317-b6ef-0a3bfe397de4",
    "data": [
      {
        "text": "как твои дела",
        "userDefined": false
      }
    ],
    "isTemplate": false,
    "count": 0,
    "updated": 0
  },
  {
    "id": "de553d8d-51e8-415f-8be9-3e4451e08295",
    "data": [
      {
        "text": "ты в порядке",
        "userDefined": false
      }
    ],
    "isTemplate": false,
    "count": 0,
    "updated": 0
  },
  {
    "id": "81e13405-98fd-4bcd-9a20-dcde6e7436a9",
    "data": [
      {
        "text": "день добрый как ты",
        "userDefined": false
      }
    ],
    "isTemplate": false,
    "count": 0,
    "updated": 0
  },
  {
    "id": "30a17c77-a709-4aba-ad4c-85effdaa71c1",
    "data": [
      {
        "text": "как поживаешь",
        "userDefined": false
      }
    ],
    "isTemplate": false,
    "count": 0,
    "updated": 0
  },
  {
    "id": "ea42e0f4-3e44-4487-a1a7-d9cbc114efd6",
    "data": [
      {
        "text": "как ты поживаешь",
        "userDefined": false
      }
    ],
    "isTemplate": false,
    "count": 0,
    "updated": 0
  },
  {
    "id": "dc5b79ab-3dda-4d34-8689-557bcf356df4",
    "data": [
      {
        "text": "как твои дела сегодня",
        "userDefined": false
      }
    ],
    "isTemplate": false,
    "count": 0,
    "updated": 0
  },
  {
    "id": "24db58b1-4be5-445f-9504-44cf5bce77ff",
    "data": [
      {
        "text": "привет как дела",
        "userDefined": false
      }
    ],
    "isTemplate": false,
    "count": 0,
    "updated": 0
  },
  {
    "id": "8558a009-9d75-4790-a4ed-9bc2e69fe5fb",
    "data": [
      {
        "text": "привет как ты",
        "userDefined": false
      }
    ],
    "isTemplate": false,
    "count": 0,
    "updated": 0
  },
  {
    "id": "c8b76f0d-0a50-4f80-b066-b0ba4b98e56a",
    "data": [
      {
        "text": "как ты себя ощущаешь",
        "userDefined": false
      }
    ],
    "isTemplate": false,
    "count": 0,
    "updated": 0
  },
  {
    "id": "19afd105-3b73-4038-8d67-6f39d325c42b",
    "data": [
      {
        "text": "у тебя всё в порядке",
        "userDefined": false
      }
    ],
    "isTemplate": false,
    "count": 0,
    "updated": 0
  },
  {
    "id": "de4690cc-e02e-4b77-965d-a96d3942d99d",
    "data": [
      {
        "text": "надеюсь ты в порядке",
        "userDefined": false
      }
    ],
    "isTemplate": false,
    "count": 0,
    "updated": 0
  },
  {
    "id": "bb58ae44-0908-4550-82ea-cb2c02e18d5c",
    "data": [
      {
        "text": "как ты этим вечером",
        "userDefined": false
      }
    ],
    "isTemplate": false,
    "count": 0,
    "updated": 0
  },
  {
    "id": "cbac45a0-416a-4bf5-a114-15038fb8dfb2",
    "data": [
      {
        "text": "как у тебя дела сегодня утром",
        "userDefined": false
      }
    ],
    "isTemplate": false,
    "count": 0,
    "updated": 0
  },
  {
    "id": "f01d5494-bb9b-467f-9443-2bf16b9ed925",
    "data": [
      {
        "text": "как ты этим утром",
        "userDefined": false
      }
    ],
    "isTemplate": false,
    "count": 0,
    "updated": 0
  },
  {
    "id": "a68396da-8fba-4bf7-a530-b4ddb634c7f5",
    "data": [
      {
        "text": "как ты как твои дела",
        "userDefined": false
      }
    ],
    "isTemplate": false,
    "count": 0,
    "updated": 0
  },
  {
    "id": "0cd62a17-9bfa-4724-afc5-d5cc17d6eaa3",
    "data": [
      {
        "text": "как у тебя дела сегодня",
        "userDefined": false
      }
    ],
    "isTemplate": false,
    "count": 0,
    "updated": 0
  },
  {
    "id": "ef19970f-8dd6-4369-9134-cc8063296f34",
    "data": [
      {
        "text": "как жизнь",
        "userDefined": false
      }
    ],
    "isTemplate": false,
    "count": 0,
    "updated": 0
  },
  {
    "id": "da601b56-fcb1-46c5-9b1f-2f23e851c012",
    "data": [
      {
        "text": "как тебе живётся",
        "userDefined": false
      }
    ],
    "isTemplate": false,
    "count": 0,
    "updated": 0
  },
  {
    "id": "d753bfcf-9ae4-40a0-ac24-5beb7cbe74fc",
    "data": [
      {
        "text": "как ты жил всё это время",
        "userDefined": false
      }
    ],
    "isTemplate": false,
    "count": 0,
    "updated": 0
  },
  {
    "id": "8a6241a2-47dc-4dde-b3f7-e1bd3a146d3b",
    "data": [
      {
        "text": "как ты поживал всё это время",
        "userDefined": false
      }
    ],
    "isTemplate": false,
    "count": 0,
    "updated": 0
  },
  {
    "id": "0769003e-998c-41f8-b850-eb96c9d1b515",
    "data": [
      {
        "text": "как оно",
        "userDefined": false
      }
    ],
    "isTemplate": false,
    "count": 0,
    "updated": 0
  },
  {
    "id": "02ad8df2-2756-4b3a-b8f9-f8791142c95f",
    "data": [
      {
        "text": "привет как оно",
        "userDefined": false
      }
    ],
    "isTemplate": false,
    "count": 0,
    "updated": 0
  },
  {
    "id": "fc16e8ed-67d8-4ace-8fc3-88e9d4e0795c",
    "data": [
      {
        "text": "как твой день",
        "userDefined": false
      }
    ],
    "isTemplate": false,
    "count": 0,
    "updated": 0
  },
  {
    "id": "fb3a07a5-8d87-4777-a76c-cfc9b96466c6",
    "data": [
      {
        "text": "как проходит твой день",
        "userDefined": false
      }
    ],
    "isTemplate": false,
    "count": 0,
    "updated": 0
  },
  {
    "id": "c082faea-1046-459c-b1a4-317816d3e8ab",
    "data": [
      {
        "text": "как прошёл твой день",
        "userDefined": false
      }
    ],
    "isTemplate": false,
    "count": 0,
    "updated": 0
  },
  {
    "id": "d7ef8adc-bc59-4228-9ae0-3765108b1995",
    "data": [
      {
        "text": "как твоё утро",
        "userDefined": false
      }
    ],
    "isTemplate": false,
    "count": 0,
    "updated": 0
  },
  {
    "id": "aa56dd2d-8c42-4fb1-938c-de7aba3fa381",
    "data": [
      {
        "text": "как прошло твоё утро",
        "userDefined": false
      }
    ],
    "isTemplate": false,
    "count": 0,
    "updated": 0
  },
  {
    "id": "b90d5ae6-6791-4415-b70a-752132056696",
    "data": [
      {
        "text": "как твой вечер",
        "userDefined": false
      }
    ],
    "isTemplate": false,
    "count": 0,
    "updated": 0
  },
  {
    "id": "21dbff8f-d122-4d3b-acc0-c14bbf07f362",
    "data": [
      {
        "text": "как прошёл твой вечер",
        "userDefined": false
      }
    ],
    "isTemplate": false,
    "count": 0,
    "updated": 0
  },
  {
    "id": "def269f2-54f2-46bb-8b6a-383cd9168fab",
    "data": [
      {
        "text": "как прошла ночь",
        "userDefined": false
      }
    ],
    "isTemplate": false,
    "count": 0,
    "updated": 0
  },
  {
    "id": "6762e429-816a-4e13-a454-2110d1c14886",
    "data": [
      {
        "text": "как ты себя чувствуешь",
        "userDefined": false
      }
    ],
    "isTemplate": false,
    "count": 0,
    "updated": 0
  },
  {
    "id": "30a21764-4449-4f10-951c-84e08829b422",
    "data": [
      {
        "text": "утро доброе как ты",
        "userDefined": false
      }
    ],
    "isTemplate": false,
    "count": 0,
    "updated": 0
  },
  {
    "id": "53203c04-1048-42af-9889-2b2ce006974d",
    "data": [
      {
        "text": "каким был твой день",
        "userDefined": false
      }
    ],
    "isTemplate": false,
    "count": 0,
    "updated": 0
  },
  {
    "id": "32862c68-f089-486d-8f3c-b8921e36453d",
    "data": [
      {
        "text": "а как насчёт тебя как твои дела",
        "userDefined": false
      }
    ],
    "isTemplate": false,
    "count": 0,
    "updated": 0
  },
  {
    "id": "5541635c-d3c0-4fca-ab25-3ee1009b6947",
    "data": [
      {
        "text": "ну и как твои дела",
        "userDefined": false
      }
    ],
    "isTemplate": false,
    "count": 0,
    "updated": 0
  },
  {
    "id": "8acc4e43-5e72-4e32-9bd2-ba6613e01d95",
    "data": [
      {
        "text": "всё хорошо а ты как",
        "userDefined": false
      }
    ],
    "isTemplate": false,
    "count": 0,
    "updated": 0
  },
  {
    "id": "f8e8fda7-8945-4df7-98a1-6d234336c8c4",
    "data": [
      {
        "text": "я в порядке как у тебя дела",
        "userDefined": false
      }
    ],
    "isTemplate": false,
    "count": 0,
    "updated": 0
  },
  {
    "id": "900bd899-d270-4f18-ba06-d6e4485f8e49",
    "data": [
      {
        "text": "хорошо как дела у тебя",
        "userDefined": false
      }
    ],
    "isTemplate": false,
    "count": 0,
    "updated": 0
  }
]