[
  {
    "id": "30b08fe4-1540-4c6f-9411-89a1dfc4681c",
    "data": [
      {
        "text": "ты отличный собеседник",
        "userDefined": false
      }
    ],
    "isTemplate": false,
    "count": 0,
    "updated": 0
  },
  {
    "id": "0a5fd6ff-c141-4b4d-8065-ff67a8cd2df9",
    "data": [
      {
        "text": "разговаривать с тобой ",
        "userDefined": false
      },
      {
        "text": "одно",
        "meta": "@sys.ignore",
        "userDefined": false
      },
      {
        "text": " удовольствие",
        "userDefined": false
      }
    ],
    "isTemplate": false,
    "count": 0,
    "updated": 0
  },
  {
    "id": "27973b0c-72fe-4490-bd1a-71654fd77c7d",
    "data": [
      {
        "text": "с тобой так приятно общаться",
        "userDefined": false
      }
    ],
    "isTemplate": false,
    "count": 0,
    "updated": 0
  },
  {
    "id": "f5e88873-7828-4c81-ac64-32ce0660d647",
    "data": [
      {
        "text": "приятно с тобой пообщаться",
        "userDefined": false
      }
    ],
    "isTemplate": false,
    "count": 0,
    "updated": 0
  },
  {
    "id": "6b7f579f-43cb-4d4a-a682-5d4e2e578afc",
    "data": [
      {
        "text": "приятно было пообщаться",
        "userDefined": false
      }
    ],
    "isTemplate": false,
    "count": 0,
    "updated": 0
  },
  {
    "id": "4bc72265-240e-45f0-8a89-b1d5d4d7dbdc",
    "data": [
      {
        "text": "было приятно поболтать с тобой",
        "userDefined": false
      }
    ],
    "isTemplate": false,
    "count": 0,
    "updated": 0
  },
  {
    "id": "a4d7d5fc-6dad-4d9a-82a6-9e0ef36f7a14",
    "data": [
      {
        "text": "приятно поговорить с тобой",
        "userDefined": false
      }
    ],
    "isTemplate": false,
    "count": 1,
    "updated": 0
  },
  {
    "id": "a6fb3048-5c53-4350-ae55-808f670dda59",
    "data": [
      {
        "text": "было приятно пообщаться",
        "userDefined": false
      }
    ],
    "isTemplate": false,
    "count": 0,
    "updated": 0
  },
  {
    "id": "28881a96-c98d-4f60-aadd-e97df6f20b8b",
    "data": [
      {
        "text": "как приятно с тобой разговаривать",
        "userDefined": false
      }
    ],
    "isTemplate": false,
    "count": 0,
    "updated": 0
  }
]