[
  {
    "id": "84ce0cfc-4310-49fe-9ada-994d96bd1c35",
    "data": [
      {
        "text": "уточни о чём ты",
        "userDefined": false
      }
    ],
    "isTemplate": false,
    "count": 0,
    "updated": 0
  },
  {
    "id": "23f0e59b-9444-4a19-8365-74afbf7f3c74",
    "data": [
      {
        "text": "поясни что ты хотел сказать",
        "userDefined": false
      }
    ],
    "isTemplate": false,
    "count": 0,
    "updated": 0
  },
  {
    "id": "31ec4ffb-84fd-4d08-807f-68e671059be2",
    "data": [
      {
        "text": "что ты имеешь в виду",
        "userDefined": false
      }
    ],
    "isTemplate": false,
    "count": 1,
    "updated": 0
  },
  {
    "id": "7c0540e0-38a8-49e0-93bc-e8b836c88ec2",
    "data": [
      {
        "text": "что ты хочешь этим сказать",
        "userDefined": false
      }
    ],
    "isTemplate": false,
    "count": 0,
    "updated": 0
  },
  {
    "id": "d80674b5-4c69-4664-99c8-d0c4c71680c0",
    "data": [
      {
        "text": "ты это имела в виду",
        "userDefined": false
      }
    ],
    "isTemplate": false,
    "count": 0,
    "updated": 0
  },
  {
    "id": "cd704ad6-c894-47aa-9251-b57441dd5c59",
    "data": [
      {
        "text": "ты что имела в виду",
        "userDefined": false
      }
    ],
    "isTemplate": false,
    "count": 0,
    "updated": 0
  },
  {
    "id": "a2594dad-2f6c-4ae3-8be0-68760f1d126c",
    "data": [
      {
        "text": "поясни что ты имела в виду",
        "userDefined": false
      }
    ],
    "isTemplate": false,
    "count": 0,
    "updated": 0
  }
]