[
  {
    "id": "36362cd6-922b-4243-be3f-c2b780cc21db",
    "data": [
      {
        "text": "отличная работа",
        "userDefined": false
      }
    ],
    "isTemplate": false,
    "count": 0,
    "updated": 0
  },
  {
    "id": "2d4d0cc9-b2c3-4757-8b7b-e254be55ca1f",
    "data": [
      {
        "text": "молодчина",
        "userDefined": false
      }
    ],
    "isTemplate": false,
    "count": 0,
    "updated": 0
  },
  {
    "id": "d0eb3ff5-adfa-4387-be79-03db8355ce3f",
    "data": [
      {
        "text": "молодец",
        "userDefined": false
      }
    ],
    "isTemplate": false,
    "count": 0,
    "updated": 0
  },
  {
    "id": "f9571443-a9b5-431c-b559-6c65ab7bb112",
    "data": [
      {
        "text": "прекрасная работа",
        "userDefined": false
      }
    ],
    "isTemplate": false,
    "count": 0,
    "updated": 0
  },
  {
    "id": "d4135477-3154-4165-8fce-12eb83d4553f",
    "data": [
      {
        "text": "прекрано сработано",
        "userDefined": false
      }
    ],
    "isTemplate": false,
    "count": 0,
    "updated": 0
  },
  {
    "id": "57a93f95-3e6d-45c3-83c2-b91b8e1e0be9",
    "data": [
      {
        "text": "браво",
        "userDefined": false
      }
    ],
    "isTemplate": false,
    "count": 0,
    "updated": 0
  },
  {
    "id": "727f00b8-76f6-494d-80e2-7f7feb639d88",
    "data": [
      {
        "text": "хорошая работа",
        "userDefined": false
      }
    ],
    "isTemplate": false,
    "count": 0,
    "updated": 0
  },
  {
    "id": "c8f06dd9-6ea0-4720-8d12-4af969e65745",
    "data": [
      {
        "text": "чудесная работа",
        "userDefined": false
      }
    ],
    "isTemplate": false,
    "count": 0,
    "updated": 0
  },
  {
    "id": "a8ea9086-8552-4334-89f3-75c255e87578",
    "data": [
      {
        "text": "так держать",
        "userDefined": false
      }
    ],
    "isTemplate": false,
    "count": 0,
    "updated": 0
  },
  {
    "id": "eaee1b82-48c0-4932-9478-ab3821e75b7c",
    "data": [
      {
        "text": "хорошо сработано",
        "userDefined": false
      }
    ],
    "isTemplate": false,
    "count": 0,
    "updated": 0
  }
]