[
  {
    "id": "4f34728c-bd3a-4d64-991e-5b480dc9f386",
    "data": [
      {
        "text": "без разницы",
        "userDefined": false
      }
    ],
    "isTemplate": false,
    "count": 0,
    "updated": 0
  },
  {
    "id": "5ce918eb-8093-4133-b853-64c437cadeab",
    "data": [
      {
        "text": "меня это не волнует",
        "userDefined": false
      }
    ],
    "isTemplate": false,
    "count": 0,
    "updated": 0
  },
  {
    "id": "e9674946-4a26-46b0-9d7d-4cd048be85e3",
    "data": [
      {
        "text": "непринципиально",
        "userDefined": false
      }
    ],
    "isTemplate": false,
    "count": 0,
    "updated": 0
  },
  {
    "id": "6f87d3e1-9297-4c35-8f19-36cefd2a7833",
    "data": [
      {
        "text": "вообще всё равно",
        "userDefined": false
      }
    ],
    "isTemplate": false,
    "count": 0,
    "updated": 0
  },
  {
    "id": "61499cb3-0172-494b-b788-7187180d99ce",
    "data": [
      {
        "text": "мне всё равно",
        "userDefined": false
      }
    ],
    "isTemplate": false,
    "count": 0,
    "updated": 0
  },
  {
    "id": "957d0b93-b413-45b4-a212-104215355971",
    "data": [
      {
        "text": "абсолютно безразлично",
        "userDefined": false
      }
    ],
    "isTemplate": false,
    "count": 0,
    "updated": 0
  },
  {
    "id": "93df6519-3a70-4e8c-bf28-2d9ad6de9a5d",
    "data": [
      {
        "text": "мне это абсолютно безразлично",
        "userDefined": false
      }
    ],
    "isTemplate": false,
    "count": 0,
    "updated": 0
  },
  {
    "id": "e54ff47f-3794-4a9d-abb2-14803869d01a",
    "data": [
      {
        "text": "вообще без разницы",
        "userDefined": false
      }
    ],
    "isTemplate": false,
    "count": 0,
    "updated": 0
  }
]