[
  {
    "id": "2dad24c4-2710-4f72-95d0-9261e9754fa6",
    "data": [
      {
        "text": "не беспокойся",
        "userDefined": false
      }
    ],
    "isTemplate": false,
    "count": 0,
    "updated": 0
  },
  {
    "id": "563f1f1b-2ba1-4137-87dd-02e9ab6d0125",
    "data": [
      {
        "text": "нет проблем",
        "userDefined": false
      }
    ],
    "isTemplate": false,
    "count": 0,
    "updated": 0
  },
  {
    "id": "d353c2c2-381c-42c1-b56a-c9d8ce6509f7",
    "data": [
      {
        "text": "без проблем",
        "userDefined": false
      }
    ],
    "isTemplate": false,
    "count": 0,
    "updated": 0
  },
  {
    "id": "6ce89e36-dbfe-4e99-96d3-ec4f87cd5193",
    "data": [
      {
        "text": "это не проблема",
        "userDefined": false
      }
    ],
    "isTemplate": false,
    "count": 0,
    "updated": 0
  },
  {
    "id": "3c15ddd4-6154-4da5-862d-10986793d785",
    "data": [
      {
        "text": "конечно без проблем",
        "userDefined": false
      }
    ],
    "isTemplate": false,
    "count": 0,
    "updated": 0
  },
  {
    "id": "45a97ad6-a6bf-48bd-8312-41619f34cd2f",
    "data": [
      {
        "text": "никаких проблем",
        "userDefined": false
      }
    ],
    "isTemplate": false,
    "count": 0,
    "updated": 0
  },
  {
    "id": "7bed5816-f43c-47e3-815b-a0e95c0dfeba",
    "data": [
      {
        "text": "не переживай",
        "userDefined": false
      }
    ],
    "isTemplate": false,
    "count": 0,
    "updated": 0
  },
  {
    "id": "2d7f4e3a-6b7a-4571-8194-85c61c142fcb",
    "data": [
      {
        "text": "не переживай это не проблема",
        "userDefined": false
      }
    ],
    "isTemplate": false,
    "count": 0,
    "updated": 0
  }
]