[
  {
    "id": "c2136562-d83a-4c16-8188-e99fd5cf3c49",
    "data": [
      {
        "text": "плохо",
        "userDefined": false
      }
    ],
    "isTemplate": false,
    "count": 0,
    "updated": 0
  },
  {
    "id": "0860b8fa-515f-4bbd-8d26-1ec74d8e8835",
    "data": [
      {
        "text": "это плохо",
        "userDefined": false
      }
    ],
    "isTemplate": false,
    "count": 0,
    "updated": 0
  },
  {
    "id": "0f79ac6c-5e83-4092-b3f2-a92f091e668f",
    "data": [
      {
        "text": "это было плохо",
        "userDefined": false
      }
    ],
    "isTemplate": false,
    "count": 1,
    "updated": 0
  },
  {
    "id": "8bef1f4b-41f8-4e91-bc89-a68a44ca6d71",
    "data": [
      {
        "text": "плохой ответ",
        "userDefined": false
      }
    ],
    "isTemplate": false,
    "count": 0,
    "updated": 0
  },
  {
    "id": "99eac42e-713a-43e1-b57c-6f506633fa45",
    "data": [
      {
        "text": "боюсь это не так",
        "userDefined": false
      }
    ],
    "isTemplate": false,
    "count": 0,
    "updated": 0
  },
  {
    "id": "b354cf09-5a47-46f8-9430-1cad3e7fc788",
    "data": [
      {
        "text": "очень плохо",
        "userDefined": false
      }
    ],
    "isTemplate": false,
    "count": 0,
    "updated": 0
  },
  {
    "id": "df0e6ec9-21e2-4d63-81ee-9f2d19807547",
    "data": [
      {
        "text": "слишком плохо",
        "userDefined": false
      }
    ],
    "isTemplate": false,
    "count": 0,
    "updated": 0
  },
  {
    "id": "3f0381d8-9144-480d-9d65-73a697f2bb96",
    "data": [
      {
        "text": "ужасно",
        "userDefined": false
      }
    ],
    "isTemplate": false,
    "count": 0,
    "updated": 0
  },
  {
    "id": "a828577c-d476-4c97-bf58-4055c2b358c1",
    "data": [
      {
        "text": "отвратительно",
        "userDefined": false
      }
    ],
    "isTemplate": false,
    "count": 0,
    "updated": 0
  },
  {
    "id": "a19c1185-0e40-4a46-b8f6-f206ef9e7b2e",
    "data": [
      {
        "text": "невероятно плохо",
        "userDefined": false
      }
    ],
    "isTemplate": false,
    "count": 0,
    "updated": 0
  },
  {
    "id": "a2988725-539b-437c-9a60-a72a0d5f95b5",
    "data": [
      {
        "text": "крайне плохо",
        "userDefined": false
      }
    ],
    "isTemplate": false,
    "count": 0,
    "updated": 0
  },
  {
    "id": "6e5ead78-4f42-49ab-84cb-3990ac12a50d",
    "data": [
      {
        "text": "крайне отвратительно",
        "userDefined": false
      }
    ],
    "isTemplate": false,
    "count": 0,
    "updated": 0
  },
  {
    "id": "31f8a566-1cfd-416a-a114-fd0142fde9e2",
    "data": [
      {
        "text": "ничего хорошего",
        "userDefined": false
      }
    ],
    "isTemplate": false,
    "count": 0,
    "updated": 0
  },
  {
    "id": "d80705c3-a239-42fb-960b-2dddcc384e15",
    "data": [
      {
        "text": "недостаточно хорошо",
        "userDefined": false
      }
    ],
    "isTemplate": false,
    "count": 0,
    "updated": 0
  },
  {
    "id": "fd7ec91a-1dfa-4501-bae6-76145676205c",
    "data": [
      {
        "text": "неубедительно",
        "userDefined": false
      }
    ],
    "isTemplate": false,
    "count": 0,
    "updated": 0
  },
  {
    "id": "81247ca0-bb28-4451-820d-1c351caee650",
    "data": [
      {
        "text": "это было ужасно плохо",
        "userDefined": false
      }
    ],
    "isTemplate": false,
    "count": 0,
    "updated": 0
  },
  {
    "id": "f89fa577-db05-438a-b878-fa4adfbc8a38",
    "data": [
      {
        "text": "было ужасно",
        "userDefined": false
      }
    ],
    "isTemplate": false,
    "count": 0,
    "updated": 0
  },
  {
    "id": "29125db4-6fa9-4573-9bb6-37753336e42b",
    "data": [
      {
        "text": "да уж плохо",
        "userDefined": false
      }
    ],
    "isTemplate": false,
    "count": 0,
    "updated": 0
  },
  {
    "id": "793e3207-4802-489c-aea1-f5dba8c5086e",
    "data": [
      {
        "text": "действительно ужасно",
        "userDefined": false
      }
    ],
    "isTemplate": false,
    "count": 0,
    "updated": 0
  },
  {
    "id": "6c5d9428-c87a-4405-af05-9e72f9e87913",
    "data": [
      {
        "text": "плохо очень плохо",
        "userDefined": false
      }
    ],
    "isTemplate": false,
    "count": 0,
    "updated": 0
  },
  {
    "id": "f4494bff-210c-429d-addd-b0fabcb4a4fb",
    "data": [
      {
        "text": "ужаснее не бывает",
        "userDefined": false
      }
    ],
    "isTemplate": false,
    "count": 0,
    "updated": 0
  },
  {
    "id": "28de04f5-e395-484f-8dc0-eb5a619cf581",
    "data": [
      {
        "text": "ну очень плохо",
        "userDefined": false
      }
    ],
    "isTemplate": false,
    "count": 0,
    "updated": 0
  },
  {
    "id": "a8b7b4ab-df64-4b64-b80f-633388fed620",
    "data": [
      {
        "text": "так плохо",
        "userDefined": false
      }
    ],
    "isTemplate": false,
    "count": 0,
    "updated": 0
  },
  {
    "id": "a83f8ea8-64b6-42f8-bb7e-6716ff262020",
    "data": [
      {
        "text": "это была плохая идея",
        "userDefined": false
      }
    ],
    "isTemplate": false,
    "count": 0,
    "updated": 0
  },
  {
    "id": "eed9b253-d137-40f0-adc2-2a6a42bfa292",
    "data": [
      {
        "text": "ужасная идея",
        "userDefined": false
      }
    ],
    "isTemplate": false,
    "count": 0,
    "updated": 0
  },
  {
    "id": "9411655f-5cc7-4e5e-8722-e8e41af20e1f",
    "data": [
      {
        "text": "ужас",
        "userDefined": false
      }
    ],
    "isTemplate": false,
    "count": 0,
    "updated": 0
  },
  {
    "id": "f3e65a93-85ba-43b9-80a9-a26ec3c3e25a",
    "data": [
      {
        "text": "недостаточно хороший",
        "userDefined": false
      }
    ],
    "isTemplate": false,
    "count": 0,
    "updated": 0
  },
  {
    "id": "7a4442b4-e707-41cf-aa46-4728a934e54e",
    "data": [
      {
        "text": "довольно-таки плохо",
        "userDefined": false
      }
    ],
    "isTemplate": false,
    "count": 0,
    "updated": 0
  },
  {
    "id": "e07428b9-1a02-4367-9250-8396a4851b0d",
    "data": [
      {
        "text": "так жутко",
        "userDefined": false
      }
    ],
    "isTemplate": false,
    "count": 0,
    "updated": 0
  },
  {
    "id": "4d48cf56-6a56-4e67-ba96-3b3ef8b23ec2",
    "data": [
      {
        "text": "безобразно",
        "userDefined": false
      }
    ],
    "isTemplate": false,
    "count": 0,
    "updated": 0
  },
  {
    "id": "6e43f53f-d901-43c6-9bc2-d8e90cf109d0",
    "data": [
      {
        "text": "так ужасно",
        "userDefined": false
      }
    ],
    "isTemplate": false,
    "count": 0,
    "updated": 0
  }
]