[
  {
    "id": "eb10df29-fa66-495a-af43-d23f749dbf20",
    "data": [
      {
        "text": "мне пора идти",
        "userDefined": false
      }
    ],
    "isTemplate": false,
    "count": 0,
    "updated": 0
  },
  {
    "id": "1aa386cd-dc4f-42dd-9b5d-2103fb190875",
    "data": [
      {
        "text": "пока",
        "userDefined": false
      }
    ],
    "isTemplate": false,
    "count": 0,
    "updated": 0
  },
  {
    "id": "abd3934f-261e-43df-9159-fc4dad212bcf",
    "data": [
      {
        "text": "до свидания",
        "userDefined": false
      }
    ],
    "isTemplate": false,
    "count": 0,
    "updated": 0
  },
  {
    "id": "57fcbaec-c36d-4e00-89a8-5e7f9d22881e",
    "data": [
      {
        "text": "увидимся",
        "userDefined": false
      }
    ],
    "isTemplate": false,
    "count": 2,
    "updated": 0
  },
  {
    "id": "19f222fb-2532-4b97-a651-c5f058edc070",
    "data": [
      {
        "text": "должен оставить тебя",
        "userDefined": false
      }
    ],
    "isTemplate": false,
    "count": 0,
    "updated": 0
  },
  {
    "id": "630ef377-192e-4ca7-8c89-ae24faf33545",
    "data": [
      {
        "text": "вынужден тебя покинуть",
        "userDefined": false
      }
    ],
    "isTemplate": false,
    "count": 0,
    "updated": 0
  },
  {
    "id": "b317f41d-cd63-4a08-9893-6ba5387c06fc",
    "data": [
      {
        "text": "пока пока спокойной ночи",
        "userDefined": false
      }
    ],
    "isTemplate": false,
    "count": 0,
    "updated": 0
  },
  {
    "id": "9568aa2a-2e7c-4b0c-a5f0-fecf2117b304",
    "data": [
      {
        "text": "счастливо",
        "userDefined": false
      }
    ],
    "isTemplate": false,
    "count": 0,
    "updated": 0
  },
  {
    "id": "857b2716-4002-45bd-be47-eee09f60ac3f",
    "data": [
      {
        "text": "до скорого",
        "userDefined": false
      }
    ],
    "isTemplate": false,
    "count": 0,
    "updated": 0
  },
  {
    "id": "f6e7485d-030d-4867-8d9e-607d7c3f7243",
    "data": [
      {
        "text": "прощай",
        "userDefined": false
      }
    ],
    "isTemplate": false,
    "count": 0,
    "updated": 0
  },
  {
    "id": "83f57d5f-6d35-4780-9421-f677a9bd988f",
    "data": [
      {
        "text": "пока пока",
        "userDefined": false
      }
    ],
    "isTemplate": false,
    "count": 0,
    "updated": 0
  },
  {
    "id": "04cb1389-26d2-4ee1-8316-a54b996722fd",
    "data": [
      {
        "text": "пора прощаться",
        "userDefined": false
      }
    ],
    "isTemplate": false,
    "count": 0,
    "updated": 0
  },
  {
    "id": "14963e6e-8828-439f-8ea4-15b9ea2f288c",
    "data": [
      {
        "text": "на этом всё пока",
        "userDefined": false
      }
    ],
    "isTemplate": false,
    "count": 0,
    "updated": 0
  },
  {
    "id": "1c27d910-6650-4131-b22f-a662ce31f628",
    "data": [
      {
        "text": "до скорой встречи",
        "userDefined": false
      }
    ],
    "isTemplate": false,
    "count": 0,
    "updated": 0
  },
  {
    "id": "8e67967d-3095-4325-baa8-35c24314d921",
    "data": [
      {
        "text": "теперь прощемся",
        "userDefined": false
      }
    ],
    "isTemplate": false,
    "count": 0,
    "updated": 0
  },
  {
    "id": "a7c671a8-c3ba-4c72-98fe-52339b47657d",
    "data": [
      {
        "text": "вот и всё прощай",
        "userDefined": false
      }
    ],
    "isTemplate": false,
    "count": 0,
    "updated": 0
  },
  {
    "id": "beec1a66-5de9-4c19-99dc-56f38a61777b",
    "data": [
      {
        "text": "до завтра",
        "userDefined": false
      }
    ],
    "isTemplate": false,
    "count": 0,
    "updated": 0
  },
  {
    "id": "627dfecf-1eca-42c4-bfda-4d5d2c1c5277",
    "data": [
      {
        "text": "оставь меня",
        "userDefined": false
      }
    ],
    "isTemplate": false,
    "count": 0,
    "updated": 0
  },
  {
    "id": "650a681c-1504-457f-8e58-bc89f71c1119",
    "data": [
      {
        "text": "оставь меня в покое",
        "userDefined": false
      }
    ],
    "isTemplate": false,
    "count": 0,
    "updated": 0
  },
  {
    "id": "bf558fc4-ddc0-422e-9a91-e7a3f4d1365d",
    "data": [
      {
        "text": "уйди",
        "userDefined": false
      }
    ],
    "isTemplate": false,
    "count": 1,
    "updated": 0
  },
  {
    "id": "3f23d280-1127-4b65-9de3-dbf2a8d531e6",
    "data": [
      {
        "text": "иди спать",
        "userDefined": false
      }
    ],
    "isTemplate": false,
    "count": 0,
    "updated": 0
  },
  {
    "id": "263c9dfb-fa43-4fc3-a961-61b85a5042c2",
    "data": [
      {
        "text": "поговорим позже",
        "userDefined": false
      }
    ],
    "isTemplate": false,
    "count": 1,
    "updated": 0
  },
  {
    "id": "080d627e-1dbd-4e07-a50e-cfe131dc98f6",
    "data": [
      {
        "text": "ты свободна",
        "userDefined": false
      }
    ],
    "isTemplate": false,
    "count": 0,
    "updated": 0
  },
  {
    "id": "c20907d5-7c9d-4536-adc1-3d2ddded2366",
    "data": [
      {
        "text": "теперь ты свободен",
        "userDefined": false
      }
    ],
    "isTemplate": false,
    "count": 0,
    "updated": 0
  },
  {
    "id": "e844618f-1008-44c5-a06c-2b4681bdd8e0",
    "data": [
      {
        "text": "пока увидимся позже",
        "userDefined": false
      }
    ],
    "isTemplate": false,
    "count": 0,
    "updated": 0
  },
  {
    "id": "77eaa050-7925-4c04-8d9a-bc83052993fa",
    "data": [
      {
        "text": "надеюсь скоро увидимся",
        "userDefined": false
      }
    ],
    "isTemplate": false,
    "count": 0,
    "updated": 0
  },
  {
    "id": "cea9f3f3-91c4-44c9-80b7-36f38372aa92",
    "data": [
      {
        "text": "счастливо оставаться",
        "userDefined": false
      }
    ],
    "isTemplate": false,
    "count": 0,
    "updated": 0
  },
  {
    "id": "da73a0c7-90f1-47cc-9037-6a1ce772e358",
    "data": [
      {
        "text": "спасибо и пока",
        "userDefined": false
      }
    ],
    "isTemplate": false,
    "count": 0,
    "updated": 0
  },
  {
    "id": "57c68341-b17f-4a50-b51a-507e99fce19b",
    "data": [
      {
        "text": "окей до скорого",
        "userDefined": false
      }
    ],
    "isTemplate": false,
    "count": 0,
    "updated": 0
  },
  {
    "id": "7d07e3f0-4dee-457b-960b-f8c63e2e50a8",
    "data": [
      {
        "text": "увидимся на неделе",
        "userDefined": false
      }
    ],
    "isTemplate": false,
    "count": 0,
    "updated": 0
  },
  {
    "id": "aea22648-b849-4adc-ab1f-f31bc7327944",
    "data": [
      {
        "text": "увидимся завтра",
        "userDefined": false
      }
    ],
    "isTemplate": false,
    "count": 0,
    "updated": 0
  },
  {
    "id": "c5ec945e-f800-48c5-8454-43a41ab9b0c1",
    "data": [
      {
        "text": "чао",
        "userDefined": false
      }
    ],
    "isTemplate": false,
    "count": 0,
    "updated": 0
  }
]