[
  {
    "id": "30f6ecc9-2184-4ef3-8519-ae09c8b4fcbb",
    "data": [
      {
        "text": "совсем скоро буду снова здесь",
        "userDefined": false
      }
    ],
    "isTemplate": false,
    "count": 0,
    "updated": 0
  },
  {
    "id": "6fabbca3-e33a-4da4-a846-7f8fe8cf6338",
    "data": [
      {
        "text": "я вернусь к тебе очень скоро",
        "userDefined": false
      }
    ],
    "isTemplate": false,
    "count": 0,
    "updated": 0
  },
  {
    "id": "5da011fd-1811-44e7-adfd-4ba4c0c64554",
    "data": [
      {
        "text": "скоро вернусь",
        "userDefined": false
      }
    ],
    "isTemplate": false,
    "count": 0,
    "updated": 0
  },
  {
    "id": "d71d3a95-cdb4-473a-be7c-53e0c1349b2c",
    "data": [
      {
        "text": "я вернусь к тебе через минуту",
        "userDefined": false
      }
    ],
    "isTemplate": false,
    "count": 0,
    "updated": 0
  },
  {
    "id": "7419b0ee-34aa-4783-95d9-8ed768081bc6",
    "data": [
      {
        "text": "буду снова здесь через 5 минут",
        "userDefined": false
      }
    ],
    "isTemplate": false,
    "count": 0,
    "updated": 0
  },
  {
    "id": "2dcc80a3-f326-4081-b74f-8980265ecd49",
    "data": [
      {
        "text": "скоро буду",
        "userDefined": false
      }
    ],
    "isTemplate": false,
    "count": 0,
    "updated": 0
  },
  {
    "id": "e5841191-8ed9-4a32-ac8f-7b28cce51a20",
    "data": [
      {
        "text": "обещаю скоро вернусь",
        "userDefined": false
      }
    ],
    "isTemplate": false,
    "count": 0,
    "updated": 0
  },
  {
    "id": "a577ed08-94c9-40ba-bdc0-4d99bf69cc4f",
    "data": [
      {
        "text": "я вернусь через несколько минут",
        "userDefined": false
      }
    ],
    "isTemplate": false,
    "count": 0,
    "updated": 0
  }
]