[
  {
    "id": "ec06d6d4-9a86-4aae-8531-d2524c368b0a",
    "data": [
      {
        "text": "мне нужен совет",
        "userDefined": false
      }
    ],
    "isTemplate": false,
    "count": 0,
    "updated": 0
  },
  {
    "id": "12db0ae6-c831-4d02-a54c-ebc80ae9fd6b",
    "data": [
      {
        "text": "любой совет",
        "userDefined": false
      }
    ],
    "isTemplate": false,
    "count": 0,
    "updated": 0
  },
  {
    "id": "45791fd3-5f47-4764-a507-81129a2699e7",
    "data": [
      {
        "text": "у тебя есть для меня совет",
        "userDefined": false
      }
    ],
    "isTemplate": false,
    "count": 0,
    "updated": 0
  },
  {
    "id": "618b67e5-5517-4488-8373-bdd50e0dbd3c",
    "data": [
      {
        "text": "посоветуй мне",
        "userDefined": false
      }
    ],
    "isTemplate": false,
    "count": 0,
    "updated": 0
  },
  {
    "id": "c5933aec-44cb-43ef-a873-d6bcc66fec61",
    "data": [
      {
        "text": "что мне следует делать",
        "userDefined": false
      }
    ],
    "isTemplate": false,
    "count": 1,
    "updated": 0
  },
  {
    "id": "2ded812b-4ae1-4482-974c-014490be7eab",
    "data": [
      {
        "text": "могу спросить у тебя совета",
        "userDefined": false
      }
    ],
    "isTemplate": false,
    "count": 0,
    "updated": 0
  },
  {
    "id": "5b9f8efb-1d87-4cc7-a65a-0f21063fe9be",
    "data": [
      {
        "text": "можешь мне посоветовать",
        "userDefined": false
      }
    ],
    "isTemplate": false,
    "count": 0,
    "updated": 0
  },
  {
    "id": "6fdde0d6-d6e9-417b-9849-76c207a241d0",
    "data": [
      {
        "text": "можешь дать мне совет",
        "userDefined": false
      }
    ],
    "isTemplate": false,
    "count": 0,
    "updated": 0
  },
  {
    "id": "834bb303-9a41-4f3f-ad01-158d8c1c2c34",
    "data": [
      {
        "text": "хоть что-то мне посоветуй",
        "userDefined": false
      }
    ],
    "isTemplate": false,
    "count": 0,
    "updated": 0
  },
  {
    "id": "c5cd8d9a-3579-4e71-9179-6286192040eb",
    "data": [
      {
        "text": "что посоветуешь в такой ситуации",
        "userDefined": false
      }
    ],
    "isTemplate": false,
    "count": 0,
    "updated": 0
  },
  {
    "id": "5d1459f9-d317-4f6b-a782-8cc132447691",
    "data": [
      {
        "text": "дай мне совет",
        "userDefined": false
      }
    ],
    "isTemplate": false,
    "count": 0,
    "updated": 0
  },
  {
    "id": "c2fdf442-9aef-4154-87cd-430c206c7783",
    "data": [
      {
        "text": "дай мне мудрый совет",
        "userDefined": false
      }
    ],
    "isTemplate": false,
    "count": 0,
    "updated": 0
  },
  {
    "id": "0171de57-b302-4500-b859-d083af49ba7d",
    "data": [
      {
        "text": "помоги советом",
        "userDefined": false
      }
    ],
    "isTemplate": false,
    "count": 0,
    "updated": 0
  },
  {
    "id": "af2e879e-a7c3-430f-aab7-6616ce4bac83",
    "data": [
      {
        "text": "мне бы не помешал совет",
        "userDefined": false
      }
    ],
    "isTemplate": false,
    "count": 0,
    "updated": 0
  },
  {
    "id": "192c8de1-ca81-47b8-b7cf-8b56b2581de6",
    "data": [
      {
        "text": "нужен твой совет",
        "userDefined": false
      }
    ],
    "isTemplate": false,
    "count": 0,
    "updated": 0
  },
  {
    "id": "2058d451-a3f8-4b82-9de0-46204d98bbc7",
    "data": [
      {
        "text": "ищу твоей поддержки",
        "userDefined": false
      }
    ],
    "isTemplate": false,
    "count": 0,
    "updated": 0
  },
  {
    "id": "75cc4a67-9e32-4572-bece-23cb45d4255a",
    "data": [
      {
        "text": "что можешь порекомендовать",
        "userDefined": false
      }
    ],
    "isTemplate": false,
    "count": 0,
    "updated": 0
  },
  {
    "id": "b02620bc-8f4f-49d9-93e2-3fe9de903858",
    "data": [
      {
        "text": "что рекомендуешь",
        "userDefined": false
      }
    ],
    "isTemplate": false,
    "count": 0,
    "updated": 0
  },
  {
    "id": "5f1afb99-0f55-4b62-923b-f28a469c9599",
    "data": [
      {
        "text": "что предлагаешь",
        "userDefined": false
      }
    ],
    "isTemplate": false,
    "count": 0,
    "updated": 0
  },
  {
    "id": "5d2a261b-6e17-40a6-9f9c-face00b75485",
    "data": [
      {
        "text": "что посоветуешь",
        "userDefined": false
      }
    ],
    "isTemplate": false,
    "count": 0,
    "updated": 0
  },
  {
    "id": "8fcea38e-3b61-4c9a-8ddc-059a4cfb1566",
    "data": [
      {
        "text": "как поступить",
        "userDefined": false
      }
    ],
    "isTemplate": false,
    "count": 0,
    "updated": 0
  },
  {
    "id": "f676a7c0-d741-4b13-b2f2-ee3ef2409be1",
    "data": [
      {
        "text": "как мне быть",
        "userDefined": false
      }
    ],
    "isTemplate": false,
    "count": 0,
    "updated": 0
  },
  {
    "id": "5bfa98a0-3670-40ef-af3c-0f1a50617bd8",
    "data": [
      {
        "text": "каким будет твой совет",
        "userDefined": false
      }
    ],
    "isTemplate": false,
    "count": 0,
    "updated": 0
  },
  {
    "id": "9e79130f-5b0d-4154-8c27-ffc73e53ed1a",
    "data": [
      {
        "text": "твой совет",
        "userDefined": false
      }
    ],
    "isTemplate": false,
    "count": 0,
    "updated": 0
  }
]