[
  {
    "id": "f95c826e-33d1-4007-b1a0-c4f9240405ed",
    "data": [
      {
        "text": "чувствую одиночество",
        "userDefined": false
      }
    ],
    "isTemplate": false,
    "count": 0,
    "updated": 0
  },
  {
    "id": "dd106949-efac-4a3c-8116-676c3b484ae5",
    "data": [
      {
        "text": "я ощущаю себя одиноким",
        "userDefined": false
      }
    ],
    "isTemplate": false,
    "count": 0,
    "updated": 0
  },
  {
    "id": "d9c05b95-86a5-43f5-a2e8-8fd7c7729ac7",
    "data": [
      {
        "text": "мне одиноко",
        "userDefined": false
      }
    ],
    "isTemplate": false,
    "count": 0,
    "updated": 0
  },
  {
    "id": "71d642ea-edef-4a4c-b707-46189053723a",
    "data": [
      {
        "text": "я чувствую себя одиноким",
        "userDefined": false
      }
    ],
    "isTemplate": false,
    "count": 0,
    "updated": 0
  },
  {
    "id": "e5d3eca8-881f-46ad-812d-98b906633d9c",
    "data": [
      {
        "text": "мне так одиноко",
        "userDefined": false
      }
    ],
    "isTemplate": false,
    "count": 0,
    "updated": 0
  },
  {
    "id": "224c4c31-f108-4b7a-acc3-23783a770da7",
    "data": [
      {
        "text": "мне действительно одиноко",
        "userDefined": false
      }
    ],
    "isTemplate": false,
    "count": 0,
    "updated": 0
  },
  {
    "id": "35ebdf98-d8d8-47a6-9191-56af60e94d67",
    "data": [
      {
        "text": "я чувствую себя таким одиноким",
        "userDefined": false
      }
    ],
    "isTemplate": false,
    "count": 0,
    "updated": 0
  },
  {
    "id": "0e4ddcb3-173c-4d6f-bacc-a7262bb722bf",
    "data": [
      {
        "text": "чувствую себя одиноко",
        "userDefined": false
      }
    ],
    "isTemplate": false,
    "count": 0,
    "updated": 0
  }
]