[
  {
    "id": "a237cc93-929f-4d17-a329-ad145aa788cf",
    "data": [
      {
        "text": "я счастлив",
        "userDefined": false
      }
    ],
    "isTemplate": false,
    "count": 0,
    "updated": 0
  },
  {
    "id": "42035b5d-9514-4b1f-b28a-6316cb255aed",
    "data": [
      {
        "text": "я счастлив тебя видеть",
        "userDefined": false
      }
    ],
    "isTemplate": false,
    "count": 0,
    "updated": 0
  },
  {
    "id": "fc1dd3ae-a524-4d05-81ec-22f155d1f38c",
    "data": [
      {
        "text": "счастлива",
        "meta": "@sys.ignore",
        "userDefined": false
      }
    ],
    "isTemplate": false,
    "count": 0,
    "updated": 0
  },
  {
    "id": "4bf895df-2b60-474d-a403-f8e755d05386",
    "data": [
      {
        "text": "если ты счастлив то и я счастлива",
        "userDefined": false
      }
    ],
    "isTemplate": false,
    "count": 0,
    "updated": 0
  },
  {
    "id": "2959b098-19f4-4342-b851-bdedd4f32e15",
    "data": [
      {
        "text": "счастлив за тебя",
        "userDefined": false
      }
    ],
    "isTemplate": false,
    "count": 0,
    "updated": 0
  },
  {
    "id": "488f90e0-c053-41ac-8650-f7fc0dceba90",
    "data": [
      {
        "text": "я счастлив помочь",
        "userDefined": false
      }
    ],
    "isTemplate": false,
    "count": 0,
    "updated": 0
  },
  {
    "id": "847c402d-d4cc-4d24-a51c-263bd8f19546",
    "data": [
      {
        "text": "я счастлива тебя видеть",
        "userDefined": false
      }
    ],
    "isTemplate": false,
    "count": 0,
    "updated": 0
  }
]