[
  {
    "id": "73c04eef-9078-49d5-b9ef-e5114e88a9dd",
    "data": [
      {
        "text": "ожидаю",
        "userDefined": false
      }
    ],
    "isTemplate": false,
    "count": 0,
    "updated": 0
  },
  {
    "id": "6a6fd8dc-f32e-4be4-9c1b-aad0240e70eb",
    "data": [
      {
        "text": "хорошо я подожду",
        "userDefined": false
      }
    ],
    "isTemplate": false,
    "count": 0,
    "updated": 0
  },
  {
    "id": "98560061-7fe5-42bd-8f11-97c6342c4fd5",
    "data": [
      {
        "text": "я жду",
        "userDefined": false
      }
    ],
    "isTemplate": false,
    "count": 0,
    "updated": 0
  },
  {
    "id": "a9ffe666-a621-4725-8223-874fd4b14095",
    "data": [
      {
        "text": "всё ещё жду",
        "userDefined": false
      }
    ],
    "isTemplate": false,
    "count": 0,
    "updated": 0
  },
  {
    "id": "e1a360da-748f-4b25-8df0-c2cb2574442d",
    "data": [
      {
        "text": "я подожду",
        "userDefined": false
      }
    ],
    "isTemplate": false,
    "count": 0,
    "updated": 0
  },
  {
    "id": "4ca34afb-c1c0-43f3-bd60-449daf8d3396",
    "data": [
      {
        "text": "больше не могу ждать",
        "userDefined": false
      }
    ],
    "isTemplate": false,
    "count": 0,
    "updated": 0
  },
  {
    "id": "4ff20d7c-6ff8-439f-b8b1-00ff06a15ebd",
    "data": [
      {
        "text": "сколько мне ещё ждать",
        "userDefined": false
      }
    ],
    "isTemplate": false,
    "count": 0,
    "updated": 0
  }
]