[
  {
    "id": "8f0b77ac-89de-45f3-97de-6f3f21f89398",
    "data": [
      {
        "text": "что стряслось",
        "userDefined": false
      }
    ],
    "isTemplate": false,
    "count": 0,
    "updated": 0
  },
  {
    "id": "b6e530dd-4b36-405a-a833-cef818d026f4",
    "data": [
      {
        "text": "что слышно",
        "userDefined": false
      }
    ],
    "isTemplate": false,
    "count": 0,
    "updated": 0
  },
  {
    "id": "1a70e562-8b3d-4a7c-a543-890ef441750e",
    "data": [
      {
        "text": "как оно вообще",
        "userDefined": false
      }
    ],
    "isTemplate": false,
    "count": 0,
    "updated": 0
  },
  {
    "id": "4e5aaa73-1965-46a3-a351-63d1d204e398",
    "data": [
      {
        "text": "что новенького",
        "userDefined": false
      }
    ],
    "isTemplate": false,
    "count": 0,
    "updated": 0
  },
  {
    "id": "168bd687-ca7c-43d2-8655-3b2fed08e12a",
    "data": [
      {
        "text": "что нового",
        "userDefined": false
      }
    ],
    "isTemplate": false,
    "count": 0,
    "updated": 0
  },
  {
    "id": "5883fbe2-d8e8-42d2-8f8c-b7d4d0825d21",
    "data": [
      {
        "text": "что случилось",
        "userDefined": false
      }
    ],
    "isTemplate": false,
    "count": 1,
    "updated": 0
  },
  {
    "id": "1867f758-8e82-4341-a308-0d1550ad42f1",
    "data": [
      {
        "text": "что такое",
        "userDefined": false
      }
    ],
    "isTemplate": false,
    "count": 1,
    "updated": 0
  },
  {
    "id": "0265989f-e3a8-4982-98a2-ccd9057e45a7",
    "data": [
      {
        "text": "что происходит",
        "userDefined": false
      }
    ],
    "isTemplate": false,
    "count": 0,
    "updated": 0
  }
]