[
  {
    "id": "14a4c1b1-0824-4bcb-997f-8e6ac3624ffa",
    "data": [
      {
        "text": "вот так гораздо лучше",
        "userDefined": false
      }
    ],
    "isTemplate": false,
    "count": 0,
    "updated": 0
  },
  {
    "id": "ea4e21b3-6dde-4b3a-8d30-0d7d760f705f",
    "data": [
      {
        "text": "блестяще",
        "meta": "@sys.ignore",
        "userDefined": true
      }
    ],
    "isTemplate": false,
    "count": 1,
    "updated": 0
  },
  {
    "id": "cf9d1ad4-1791-4abe-b20b-1d1a5e12c3a1",
    "data": [
      {
        "text": "прекрасно",
        "meta": "@sys.ignore",
        "userDefined": true
      }
    ],
    "isTemplate": false,
    "count": 0,
    "updated": 0
  },
  {
    "id": "354aca4f-d1a2-4d75-93a9-eac0352b7b24",
    "data": [
      {
        "text": "это прекрасно",
        "userDefined": false
      }
    ],
    "isTemplate": false,
    "count": 2,
    "updated": 0
  },
  {
    "id": "247d792a-9b56-4058-bf70-a14b22603bc2",
    "data": [
      {
        "text": "потрясающе",
        "userDefined": false
      }
    ],
    "isTemplate": false,
    "count": 1,
    "updated": 0
  },
  {
    "id": "98edd6cd-6ae1-497e-8e96-570c1801f568",
    "data": [
      {
        "text": "это здорово",
        "userDefined": false
      }
    ],
    "isTemplate": false,
    "count": 0,
    "updated": 0
  },
  {
    "id": "436fc2ed-e9b8-4a6e-95fd-4e26cf51b58d",
    "data": [
      {
        "text": "хорошо",
        "userDefined": false
      }
    ],
    "isTemplate": false,
    "count": 0,
    "updated": 0
  },
  {
    "id": "e26b2052-b31b-40fc-84af-8b46b39c6bd1",
    "data": [
      {
        "text": "очень хорошо",
        "userDefined": false
      }
    ],
    "isTemplate": false,
    "count": 0,
    "updated": 0
  },
  {
    "id": "60996908-2109-4d12-8e07-ec703e637fbd",
    "data": [
      {
        "text": "действительно хорошо",
        "userDefined": false
      }
    ],
    "isTemplate": false,
    "count": 2,
    "updated": 0
  },
  {
    "id": "4dfb3f66-f4fa-4d1b-9f3f-af8f987d7143",
    "data": [
      {
        "text": "чудесно",
        "userDefined": false
      }
    ],
    "isTemplate": false,
    "count": 0,
    "updated": 0
  },
  {
    "id": "d7d70e6e-c078-409d-b49a-c9add45197a7",
    "data": [
      {
        "text": "просто блестяще",
        "userDefined": false
      }
    ],
    "isTemplate": false,
    "count": 1,
    "updated": 0
  },
  {
    "id": "bfadf1a5-f717-40d4-907d-be406cf3282b",
    "data": [
      {
        "text": "здорово",
        "userDefined": false
      }
    ],
    "isTemplate": false,
    "count": 0,
    "updated": 0
  },
  {
    "id": "9728ab31-0933-4cfe-813c-c014687c2f36",
    "data": [
      {
        "text": "чудно",
        "userDefined": false
      }
    ],
    "isTemplate": false,
    "count": 0,
    "updated": 0
  },
  {
    "id": "e5564beb-0a95-4e31-a0f6-ecc902bb41fd",
    "data": [
      {
        "text": "отлично",
        "userDefined": false
      }
    ],
    "isTemplate": false,
    "count": 0,
    "updated": 0
  },
  {
    "id": "91414f7a-ea74-4063-bcf9-53cf84adce04",
    "data": [
      {
        "text": "совершенно",
        "userDefined": false
      }
    ],
    "isTemplate": false,
    "count": 0,
    "updated": 0
  },
  {
    "id": "74e19920-a5ba-47c5-a58d-17010e312b6d",
    "data": [
      {
        "text": "нормально",
        "userDefined": false
      }
    ],
    "isTemplate": false,
    "count": 1,
    "updated": 0
  },
  {
    "id": "ef2250d1-1243-4a14-8cdc-94eaa3ade165",
    "data": [
      {
        "text": "хороший",
        "meta": "@sys.ignore",
        "userDefined": true
      }
    ],
    "isTemplate": false,
    "count": 0,
    "updated": 0
  },
  {
    "id": "58c56f66-814b-4999-a8ef-6459b503c6cf",
    "data": [
      {
        "text": "приятный",
        "meta": "@sys.ignore",
        "userDefined": true
      }
    ],
    "isTemplate": false,
    "count": 1,
    "updated": 0
  },
  {
    "id": "e817ae62-d451-47fb-8545-3002600123ed",
    "data": [
      {
        "text": "было",
        "meta": "@sys.ignore",
        "userDefined": true
      },
      {
        "text": " здорово",
        "userDefined": false
      }
    ],
    "isTemplate": false,
    "count": 0,
    "updated": 0
  },
  {
    "id": "923c53fe-9eac-4bc5-82ac-e546688fe616",
    "data": [
      {
        "text": "очень хороший",
        "userDefined": false
      }
    ],
    "isTemplate": false,
    "count": 0,
    "updated": 0
  },
  {
    "id": "c02d73f3-4297-4ec7-9044-22fe0dfa0d4c",
    "data": [
      {
        "text": "удивительный",
        "userDefined": false
      }
    ],
    "isTemplate": false,
    "count": 0,
    "updated": 0
  },
  {
    "id": "a732277e-24eb-446a-8aa1-bf011c31a05d",
    "data": [
      {
        "text": "фантастический",
        "userDefined": false
      }
    ],
    "isTemplate": false,
    "count": 0,
    "updated": 0
  },
  {
    "id": "4eb62496-6462-424f-9e75-0e63be8043df",
    "data": [
      {
        "text": "невероятный",
        "userDefined": false
      }
    ],
    "isTemplate": false,
    "count": 0,
    "updated": 0
  },
  {
    "id": "c3749ca1-97a8-4832-b802-2c4e62bd26c4",
    "data": [
      {
        "text": "рад слышать это",
        "userDefined": false
      }
    ],
    "isTemplate": false,
    "count": 1,
    "updated": 0
  },
  {
    "id": "779f07a6-4a0d-4a68-b1a8-b528c2e61307",
    "data": [
      {
        "text": "хорошо очень хорошо",
        "userDefined": false
      }
    ],
    "isTemplate": false,
    "count": 0,
    "updated": 0
  },
  {
    "id": "dc7fc515-9ca8-4668-8798-b32f2cf2a6b2",
    "data": [
      {
        "text": "просто прекрасно",
        "userDefined": false
      }
    ],
    "isTemplate": false,
    "count": 0,
    "updated": 0
  },
  {
    "id": "67cc1728-15ff-4047-a7f4-85734f76fb5d",
    "data": [
      {
        "text": "это чудесно",
        "userDefined": false
      }
    ],
    "isTemplate": false,
    "count": 1,
    "updated": 0
  },
  {
    "id": "b10d4feb-86e7-4922-b6f5-e69006e80b37",
    "data": [
      {
        "text": "это невероятно",
        "userDefined": false
      }
    ],
    "isTemplate": false,
    "count": 2,
    "updated": 0
  },
  {
    "id": "748acde1-6246-4883-b98b-9ac3dab82f5d",
    "data": [
      {
        "text": "гораздо лучше",
        "userDefined": false
      }
    ],
    "isTemplate": false,
    "count": 0,
    "updated": 0
  },
  {
    "id": "6ad3abf0-687f-4455-bcec-7a549d6bd5a7",
    "data": [
      {
        "text": "изумительно",
        "userDefined": false
      }
    ],
    "isTemplate": false,
    "count": 0,
    "updated": 0
  },
  {
    "id": "408c239b-b1c7-45b0-9933-3287e56d02d3",
    "data": [
      {
        "text": "великолепно",
        "userDefined": false
      }
    ],
    "isTemplate": false,
    "count": 0,
    "updated": 0
  },
  {
    "id": "32cb872d-3bd3-4e38-baa1-d898ea48ed92",
    "data": [
      {
        "text": "неплохо",
        "userDefined": false
      }
    ],
    "isTemplate": false,
    "count": 0,
    "updated": 0
  },
  {
    "id": "ace665d3-a60b-40df-84c9-68bef3a215af",
    "data": [
      {
        "text": "не очень плохо",
        "userDefined": false
      }
    ],
    "isTemplate": false,
    "count": 1,
    "updated": 0
  },
  {
    "id": "201b4092-4021-48f9-83d4-4693f836433a",
    "data": [
      {
        "text": "это мило",
        "userDefined": false
      }
    ],
    "isTemplate": false,
    "count": 1,
    "updated": 0
  },
  {
    "id": "67807b2b-5949-4829-a338-2ef24a1ac73d",
    "data": [
      {
        "text": "приятно",
        "userDefined": false
      }
    ],
    "isTemplate": false,
    "count": 0,
    "updated": 0
  },
  {
    "id": "f1bc2be5-fffc-4116-8897-aaf4e6aa52b5",
    "data": [
      {
        "text": "довольно хорошо",
        "userDefined": false
      }
    ],
    "isTemplate": false,
    "count": 1,
    "updated": 0
  },
  {
    "id": "8c7ab0c2-0b9f-4adb-9f2e-473d07a58b4f",
    "data": [
      {
        "text": "роскошно",
        "userDefined": false
      }
    ],
    "isTemplate": false,
    "count": 0,
    "updated": 0
  },
  {
    "id": "34e7220d-4fab-4ef9-9067-f9e7a52baec4",
    "data": [
      {
        "text": "восхитительно",
        "userDefined": false
      }
    ],
    "isTemplate": false,
    "count": 0,
    "updated": 0
  },
  {
    "id": "a30c496a-671b-49b0-a3da-593ad8bb146a",
    "data": [
      {
        "text": "супер",
        "userDefined": false
      }
    ],
    "isTemplate": false,
    "count": 0,
    "updated": 0
  },
  {
    "id": "25bd975a-df27-4f4f-a57d-4796d7b48430",
    "data": [
      {
        "text": "супер невероятно",
        "userDefined": false
      }
    ],
    "isTemplate": false,
    "count": 0,
    "updated": 0
  },
  {
    "id": "7aa6c3a5-13a6-47c6-93ae-9d43591dde20",
    "data": [
      {
        "text": "мило",
        "userDefined": false
      }
    ],
    "isTemplate": false,
    "count": 0,
    "updated": 0
  },
  {
    "id": "24fcf63d-c514-4ea8-9f70-e8c0dcf98abd",
    "data": [
      {
        "text": "потрясно",
        "userDefined": false
      }
    ],
    "isTemplate": false,
    "count": 0,
    "updated": 0
  },
  {
    "id": "b6894b25-14aa-4eb5-b219-92622081fb55",
    "data": [
      {
        "text": "это было просто потрясающе",
        "userDefined": false
      }
    ],
    "isTemplate": false,
    "count": 0,
    "updated": 0
  },
  {
    "id": "a7c7030a-b9d8-4b51-9cd7-0d1ce5601866",
    "data": [
      {
        "text": "классно сработано",
        "userDefined": false
      }
    ],
    "isTemplate": false,
    "count": 0,
    "updated": 0
  },
  {
    "id": "44d59022-789e-4d19-8c1c-6b51171e8425",
    "data": [
      {
        "text": "мило с твоей стороны",
        "userDefined": false
      }
    ],
    "isTemplate": false,
    "count": 0,
    "updated": 0
  },
  {
    "id": "89da9784-0b0b-4ed2-bda0-b95f708e39a4",
    "data": [
      {
        "text": "это было удивительно",
        "userDefined": false
      }
    ],
    "isTemplate": false,
    "count": 0,
    "updated": 0
  },
  {
    "id": "85be8762-bfb3-41b2-9bd3-158c88cae0ff",
    "data": [
      {
        "text": "хорошо сделано",
        "userDefined": false
      }
    ],
    "isTemplate": false,
    "count": 0,
    "updated": 0
  },
  {
    "id": "6a7e663c-f1af-4573-bc48-6c306bb5714f",
    "data": [
      {
        "text": "это было просто прекрасно",
        "userDefined": false
      }
    ],
    "isTemplate": false,
    "count": 0,
    "updated": 0
  },
  {
    "id": "5b7733b6-ab04-4904-849f-39cc0523beac",
    "data": [
      {
        "text": "было довольно неплохо",
        "userDefined": false
      }
    ],
    "isTemplate": false,
    "count": 0,
    "updated": 0
  },
  {
    "id": "926109eb-de41-4037-8193-098ec56d61e9",
    "data": [
      {
        "text": "хорошая идея",
        "userDefined": false
      }
    ],
    "isTemplate": false,
    "count": 0,
    "updated": 0
  },
  {
    "id": "d5c7e937-984a-4bc2-a158-ab12ceafabab",
    "data": [
      {
        "text": "волшебно",
        "userDefined": false
      }
    ],
    "isTemplate": false,
    "count": 0,
    "updated": 0
  },
  {
    "id": "2154d526-320f-4262-b906-1ae1d640c17e",
    "data": [
      {
        "text": "хорошее замечание",
        "userDefined": false
      }
    ],
    "isTemplate": false,
    "count": 0,
    "updated": 0
  },
  {
    "id": "0d8c048c-76d3-4afe-9688-f60cff519a40",
    "data": [
      {
        "text": "потрясающе спасибо",
        "userDefined": false
      }
    ],
    "isTemplate": false,
    "count": 0,
    "updated": 0
  },
  {
    "id": "5af7a560-be7c-4375-a2b3-6e87895e900b",
    "data": [
      {
        "text": "это уже лучше",
        "userDefined": false
      }
    ],
    "isTemplate": false,
    "count": 0,
    "updated": 0
  },
  {
    "id": "723803c5-1fe3-49c0-abf7-ac4b7c8d0bd2",
    "data": [
      {
        "text": "это гораздо лучше",
        "userDefined": false
      }
    ],
    "isTemplate": false,
    "count": 0,
    "updated": 0
  },
  {
    "id": "5ab0267c-550c-4c79-b1cf-5b3b0ba94898",
    "data": [
      {
        "text": "это неплохо",
        "userDefined": false
      }
    ],
    "isTemplate": false,
    "count": 0,
    "updated": 0
  },
  {
    "id": "afd67b83-e16c-4500-bdd2-68ce9b9a6ec1",
    "data": [
      {
        "text": "это великолепно",
        "userDefined": false
      }
    ],
    "isTemplate": false,
    "count": 0,
    "updated": 0
  },
  {
    "id": "d37b5c8d-9613-444a-b200-86ef726be29a",
    "data": [
      {
        "text": "это довольно хорошо",
        "userDefined": false
      }
    ],
    "isTemplate": false,
    "count": 0,
    "updated": 0
  },
  {
    "id": "6a289e82-7d13-42e8-ad57-ea49d9853b6b",
    "data": [
      {
        "text": "действительно здорово",
        "userDefined": false
      }
    ],
    "isTemplate": false,
    "count": 0,
    "updated": 0
  },
  {
    "id": "9770f1b8-91cb-49f6-b9b4-4e9d78cb05cd",
    "data": [
      {
        "text": "вот и чудно",
        "userDefined": false
      }
    ],
    "isTemplate": false,
    "count": 0,
    "updated": 0
  },
  {
    "id": "de1ae838-e872-4dd5-82ae-d186b038fac1",
    "data": [
      {
        "text": "это просто потрясающе",
        "userDefined": false
      }
    ],
    "isTemplate": false,
    "count": 0,
    "updated": 0
  },
  {
    "id": "bd7ea3ad-f6ff-476d-bff1-cd1300f1d405",
    "data": [
      {
        "text": "ok хорошо",
        "userDefined": false
      }
    ],
    "isTemplate": false,
    "count": 0,
    "updated": 0
  },
  {
    "id": "91e34452-f743-40dd-be92-abdf4a763d95",
    "data": [
      {
        "text": "рад был это узнать",
        "userDefined": false
      }
    ],
    "isTemplate": false,
    "count": 0,
    "updated": 0
  },
  {
    "id": "569d45e0-d764-4ee6-ab66-b7d2c24226a0",
    "data": [
      {
        "text": "принято к сведению",
        "userDefined": false
      }
    ],
    "isTemplate": false,
    "count": 0,
    "updated": 0
  },
  {
    "id": "89bdd599-1676-4f3f-b92c-1258ebb4b1f5",
    "data": [
      {
        "text": "рада это слышать",
        "userDefined": false
      }
    ],
    "isTemplate": false,
    "count": 0,
    "updated": 0
  },
  {
    "id": "a3e8a448-866d-4182-a275-e00cc6192532",
    "data": [
      {
        "text": "так хорошо",
        "userDefined": false
      }
    ],
    "isTemplate": false,
    "count": 0,
    "updated": 0
  },
  {
    "id": "05768366-a192-4ebb-a38d-3f683573d213",
    "data": [
      {
        "text": "так мило с твоей стороны",
        "userDefined": false
      }
    ],
    "isTemplate": false,
    "count": 0,
    "updated": 0
  },
  {
    "id": "506e6c77-aa66-4053-ba13-eb5ff72630bc",
    "data": [
      {
        "text": "ну и здорово",
        "userDefined": false
      }
    ],
    "isTemplate": false,
    "count": 0,
    "updated": 0
  },
  {
    "id": "c689a3c2-a7f2-4dca-b627-c52c0ca990cd",
    "data": [
      {
        "text": "окей хорошо",
        "userDefined": false
      }
    ],
    "isTemplate": false,
    "count": 0,
    "updated": 0
  },
  {
    "id": "26243cd4-e6ef-4fc5-901c-4070eaa79ca9",
    "data": [
      {
        "text": "окей здорово",
        "userDefined": false
      }
    ],
    "isTemplate": false,
    "count": 0,
    "updated": 0
  },
  {
    "id": "dfa8129f-a44a-4a3d-bf85-bc697ceb9c2d",
    "data": [
      {
        "text": "всё нормально",
        "userDefined": false
      }
    ],
    "isTemplate": false,
    "count": 0,
    "updated": 0
  },
  {
    "id": "f1cf3669-bf4c-40ab-a5d9-16b852fdf031",
    "data": [
      {
        "text": "нет всё в порядке",
        "userDefined": false
      }
    ],
    "isTemplate": false,
    "count": 0,
    "updated": 0
  }
]