[
  {
    "id": "016feafc-473c-4920-9991-68b1cde2aa24",
    "data": [
      {
        "text": "огого",
        "userDefined": false
      }
    ],
    "isTemplate": false,
    "count": 0,
    "updated": 0
  },
  {
    "id": "ccdabb50-954e-4fff-872e-420d195ce836",
    "data": [
      {
        "text": "вау",
        "userDefined": false
      }
    ],
    "isTemplate": false,
    "count": 0,
    "updated": 0
  },
  {
    "id": "a544c286-386c-4246-abb4-6fd69f395cda",
    "data": [
      {
        "text": "ух ты",
        "userDefined": false
      }
    ],
    "isTemplate": false,
    "count": 0,
    "updated": 0
  },
  {
    "id": "96a265bb-6039-4e42-8b60-647064d7c4e2",
    "data": [
      {
        "text": "ух ты вау",
        "userDefined": false
      }
    ],
    "isTemplate": false,
    "count": 0,
    "updated": 0
  },
  {
    "id": "7f726cb0-b4f9-4301-ab77-457d7b05ba60",
    "data": [
      {
        "text": "ух ты ух ты",
        "userDefined": false
      }
    ],
    "isTemplate": false,
    "count": 0,
    "updated": 0
  },
  {
    "id": "a36a8a38-141c-4040-b021-f0fdc78f2510",
    "data": [
      {
        "text": "ого",
        "userDefined": false
      }
    ],
    "isTemplate": false,
    "count": 0,
    "updated": 0
  }
]