[
  {
    "id": "2b673447-055a-4221-8a0d-d659c3787fdc",
    "data": [
      {
        "text": "я злюсь",
        "userDefined": false
      }
    ],
    "isTemplate": false,
    "count": 0,
    "updated": 0
  },
  {
    "id": "bc505698-7145-428c-ac10-0b235fb8fce6",
    "data": [
      {
        "text": "я зол",
        "userDefined": false
      }
    ],
    "isTemplate": false,
    "count": 0,
    "updated": 0
  },
  {
    "id": "4f7e3ca6-3063-4716-8f0a-a393c413a44e",
    "data": [
      {
        "text": "я на тебя очень зол",
        "userDefined": false
      }
    ],
    "isTemplate": false,
    "count": 0,
    "updated": 0
  },
  {
    "id": "24d18b94-d69c-4233-9e1c-675ba9e7515e",
    "data": [
      {
        "text": "злюсь на тебя",
        "userDefined": false
      }
    ],
    "isTemplate": false,
    "count": 0,
    "updated": 0
  },
  {
    "id": "4bffb631-d315-4e5e-84ec-70b09f17de84",
    "data": [
      {
        "text": "я взбешён",
        "userDefined": false
      }
    ],
    "isTemplate": false,
    "count": 0,
    "updated": 0
  },
  {
    "id": "f8321822-ae55-4ca3-9388-80799ff240ad",
    "data": [
      {
        "text": "я разъярён",
        "userDefined": false
      }
    ],
    "isTemplate": false,
    "count": 0,
    "updated": 0
  },
  {
    "id": "b40eb8da-2e46-4adb-a194-3fe0b586267f",
    "data": [
      {
        "text": "я разгневана",
        "userDefined": false
      }
    ],
    "isTemplate": false,
    "count": 0,
    "updated": 0
  }
]