[
  {
    "id": "e56db7ab-21f6-4845-ba03-da8486b7af16",
    "data": [
      {
        "text": "постой",
        "userDefined": false
      }
    ],
    "isTemplate": false,
    "count": 0,
    "updated": 0
  },
  {
    "id": "436a3f1a-881f-4342-a8a0-fc906b3ec277",
    "data": [
      {
        "text": "подожди секундочку",
        "userDefined": false
      }
    ],
    "isTemplate": false,
    "count": 0,
    "updated": 0
  },
  {
    "id": "5a9da7d5-de84-40ce-9fcf-79c93597dc2b",
    "data": [
      {
        "text": "можешь подождать",
        "userDefined": false
      }
    ],
    "isTemplate": false,
    "count": 0,
    "updated": 0
  },
  {
    "id": "03e25918-432c-41d7-9b7e-005044bc3d10",
    "data": [
      {
        "text": "подожи пожалуйста",
        "userDefined": false
      }
    ],
    "isTemplate": false,
    "count": 0,
    "updated": 0
  },
  {
    "id": "6eb48339-686e-4723-99d6-f0bad1ba4bc6",
    "data": [
      {
        "text": "погоди",
        "userDefined": false
      }
    ],
    "isTemplate": false,
    "count": 0,
    "updated": 0
  },
  {
    "id": "5f7e8814-f585-451e-8434-82d9dca55979",
    "data": [
      {
        "text": "притормози",
        "userDefined": false
      }
    ],
    "isTemplate": false,
    "count": 0,
    "updated": 0
  },
  {
    "id": "8e185d00-0fc6-43e0-8e8f-6769f6a04dc6",
    "data": [
      {
        "text": "подождите",
        "userDefined": false
      }
    ],
    "isTemplate": false,
    "count": 0,
    "updated": 0
  },
  {
    "id": "8c2e1334-aa54-4db8-86f8-e1cc6921eb69",
    "data": [
      {
        "text": "постой подожди",
        "userDefined": false
      }
    ],
    "isTemplate": false,
    "count": 0,
    "updated": 0
  },
  {
    "id": "2f049c4f-cb47-4e6f-8040-3be8a2a89fb2",
    "data": [
      {
        "text": "не торопись",
        "userDefined": false
      }
    ],
    "isTemplate": false,
    "count": 0,
    "updated": 0
  }
]