[
  {
    "id": "235bfbeb-673a-4a4d-b546-cb3786401d27",
    "data": [
      {
        "text": "молодец",
        "meta": "@sys.ignore",
        "userDefined": true
      },
      {
        "text": " спасибо",
        "userDefined": false
      }
    ],
    "isTemplate": false,
    "count": 0,
    "updated": 0
  },
  {
    "id": "2b25db90-8524-4599-a2c0-cb456af27f82",
    "data": [
      {
        "text": "спасибо",
        "meta": "@sys.ignore",
        "userDefined": true
      }
    ],
    "isTemplate": false,
    "count": 0,
    "updated": 0
  },
  {
    "id": "c01528c0-d69f-48c0-b748-d95e1a44da81",
    "data": [
      {
        "text": "благодарю",
        "userDefined": false
      }
    ],
    "isTemplate": false,
    "count": 0,
    "updated": 0
  },
  {
    "id": "7132032a-0458-4ef8-aefa-86e85d0d8ee9",
    "data": [
      {
        "text": "спасибо тебе большое",
        "userDefined": false
      }
    ],
    "isTemplate": false,
    "count": 0,
    "updated": 0
  },
  {
    "id": "800456ed-5c54-46b0-b8f0-2f65c2f8a2a6",
    "data": [
      {
        "text": "спасибо большое",
        "userDefined": false
      }
    ],
    "isTemplate": false,
    "count": 0,
    "updated": 0
  },
  {
    "id": "b83bcdc2-df26-4d7d-9860-2bdc21c68813",
    "data": [
      {
        "text": "потрясающе спасибо",
        "userDefined": false
      }
    ],
    "isTemplate": false,
    "count": 0,
    "updated": 0
  },
  {
    "id": "a19d2812-0765-4d42-b0a5-d13e205f6490",
    "data": [
      {
        "text": "прекрасно спасибо",
        "userDefined": false
      }
    ],
    "isTemplate": false,
    "count": 0,
    "updated": 0
  },
  {
    "id": "aad9b383-de3c-4a15-ae3d-c3dde1a47bba",
    "data": [
      {
        "text": "спасибо огромное",
        "userDefined": false
      }
    ],
    "isTemplate": false,
    "count": 0,
    "updated": 0
  },
  {
    "id": "23ca9a83-44a1-450e-af33-472e595f9950",
    "data": [
      {
        "text": "спасибо тебе за помощь",
        "userDefined": false
      }
    ],
    "isTemplate": false,
    "count": 0,
    "updated": 0
  },
  {
    "id": "eb80b583-da0b-49d1-8876-8b87668441ee",
    "data": [
      {
        "text": "спасибо что помог",
        "userDefined": false
      }
    ],
    "isTemplate": false,
    "count": 0,
    "updated": 0
  },
  {
    "id": "192c791b-f496-4847-80a7-536f23259040",
    "data": [
      {
        "text": "спасибочки",
        "userDefined": false
      }
    ],
    "isTemplate": false,
    "count": 0,
    "updated": 0
  },
  {
    "id": "663fdf6f-831c-4dbd-ae90-fc95750a3821",
    "data": [
      {
        "text": "ты очень помог спасибо",
        "userDefined": false
      }
    ],
    "isTemplate": false,
    "count": 0,
    "updated": 0
  },
  {
    "id": "aedd829c-5c7a-458a-8a1e-806d11191423",
    "data": [
      {
        "text": "очень ценю твою помощь",
        "userDefined": false
      }
    ],
    "isTemplate": false,
    "count": 0,
    "updated": 0
  },
  {
    "id": "a8d8cc65-d976-4c71-ad4a-4b192163c38c",
    "data": [
      {
        "text": "чудесно спасибо",
        "userDefined": false
      }
    ],
    "isTemplate": false,
    "count": 0,
    "updated": 0
  },
  {
    "id": "26bae756-23d9-4027-8568-7d12df78cae4",
    "data": [
      {
        "text": "ценю это",
        "userDefined": false
      }
    ],
    "isTemplate": false,
    "count": 0,
    "updated": 0
  },
  {
    "id": "d5b28c7f-05be-47c5-a685-d1e9d9397397",
    "data": [
      {
        "text": "я благодарю тебя",
        "userDefined": false
      }
    ],
    "isTemplate": false,
    "count": 0,
    "updated": 0
  },
  {
    "id": "ffb94f62-15bc-4a87-956c-ec2a1e7fafb8",
    "data": [
      {
        "text": "спасибо на этом всё",
        "userDefined": false
      }
    ],
    "isTemplate": false,
    "count": 0,
    "updated": 0
  },
  {
    "id": "25b36f46-06dd-4e67-9248-2121cc0f407b",
    "data": [
      {
        "text": "спасибо друг",
        "userDefined": false
      }
    ],
    "isTemplate": false,
    "count": 0,
    "updated": 0
  },
  {
    "id": "a6c05448-f86c-45a5-8b16-5befaa97c929",
    "data": [
      {
        "text": "спасибо тебе мой друг",
        "userDefined": false
      }
    ],
    "isTemplate": false,
    "count": 0,
    "updated": 0
  },
  {
    "id": "a047f4b5-6785-4e74-81f3-833088e33547",
    "data": [
      {
        "text": "ну спасибо",
        "userDefined": false
      }
    ],
    "isTemplate": false,
    "count": 0,
    "updated": 0
  },
  {
    "id": "cfc9eb92-1af7-4e11-8266-524647bed188",
    "data": [
      {
        "text": "очень хорошо спасибо",
        "userDefined": false
      }
    ],
    "isTemplate": false,
    "count": 0,
    "updated": 0
  },
  {
    "id": "f1a97a6f-aab6-48fe-8888-6fe5940d5582",
    "data": [
      {
        "text": "классно спасибо",
        "userDefined": false
      }
    ],
    "isTemplate": false,
    "count": 0,
    "updated": 0
  },
  {
    "id": "7b58674c-2444-4aef-850b-f75176e077b4",
    "data": [
      {
        "text": "и снова спасибо",
        "userDefined": false
      }
    ],
    "isTemplate": false,
    "count": 0,
    "updated": 0
  },
  {
    "id": "7febe6e6-c8b7-430b-84fa-7fcdf28b60c2",
    "data": [
      {
        "text": "спасибо тебе снова и снова",
        "userDefined": false
      }
    ],
    "isTemplate": false,
    "count": 0,
    "updated": 0
  },
  {
    "id": "26b969f0-1633-4b78-a533-1c5128eeee3a",
    "data": [
      {
        "text": "чудно спасибо",
        "userDefined": false
      }
    ],
    "isTemplate": false,
    "count": 1,
    "updated": 0
  },
  {
    "id": "b9d45fe9-df58-4d79-874c-4cd03a37cbb6",
    "data": [
      {
        "text": "хорошо спасибо",
        "userDefined": false
      }
    ],
    "isTemplate": false,
    "count": 1,
    "updated": 0
  },
  {
    "id": "122a3709-74de-48fd-8125-2b31c5de21b3",
    "data": [
      {
        "text": "нет спасибо на этом всё",
        "userDefined": false
      }
    ],
    "isTemplate": false,
    "count": 0,
    "updated": 0
  },
  {
    "id": "e8e9b2d3-a7ce-4878-aeab-88437d3e853e",
    "data": [
      {
        "text": "волшебно спасибо",
        "userDefined": false
      }
    ],
    "isTemplate": false,
    "count": 0,
    "updated": 0
  },
  {
    "id": "f01ce976-17bc-4225-aeb7-6f5f45594fd5",
    "data": [
      {
        "text": "так мило с твоей стороны спасибо",
        "userDefined": false
      }
    ],
    "isTemplate": false,
    "count": 0,
    "updated": 0
  },
  {
    "id": "140c60ba-5daf-433f-8aaf-4a365715387b",
    "data": [
      {
        "text": "о спасибо",
        "userDefined": false
      }
    ],
    "isTemplate": false,
    "count": 0,
    "updated": 0
  },
  {
    "id": "7046577d-7eb4-4dc8-accd-a3301dab9656",
    "data": [
      {
        "text": "вот здорово спасибо",
        "userDefined": false
      }
    ],
    "isTemplate": false,
    "count": 0,
    "updated": 0
  },
  {
    "id": "4e74c9c9-0f00-4b52-838b-27056c61791e",
    "data": [
      {
        "text": "ok",
        "meta": "@sys.ignore",
        "userDefined": true
      },
      {
        "text": " спасибо",
        "userDefined": false
      }
    ],
    "isTemplate": false,
    "count": 0,
    "updated": 0
  },
  {
    "id": "a05eaf35-19e7-41e8-a064-fdd3372d29b3",
    "data": [
      {
        "text": "окей спасибо",
        "userDefined": false
      }
    ],
    "isTemplate": false,
    "count": 0,
    "updated": 0
  }
]