[
  {
    "id": "06de5f1f-b4a6-4a55-a5f9-35bf40194e7c",
    "data": [
      {
        "text": "я уже засыпаю",
        "userDefined": false
      }
    ],
    "isTemplate": false,
    "count": 0,
    "updated": 0
  },
  {
    "id": "8dbf7fda-0442-4eb1-877c-aa8f4615717f",
    "data": [
      {
        "text": "пора спать",
        "userDefined": false
      }
    ],
    "isTemplate": false,
    "count": 0,
    "updated": 0
  },
  {
    "id": "8baffe6a-4885-4276-9a32-e3d4c3bbd327",
    "data": [
      {
        "text": "уже пора спать да",
        "userDefined": false
      }
    ],
    "isTemplate": false,
    "count": 0,
    "updated": 0
  },
  {
    "id": "e02bf706-1c31-41b3-843e-e8a85769db4a",
    "data": [
      {
        "text": "время ложиться спать",
        "userDefined": false
      }
    ],
    "isTemplate": false,
    "count": 0,
    "updated": 0
  },
  {
    "id": "48e90862-e5e2-437b-a507-062f7fb50dec",
    "data": [
      {
        "text": "нам пора ложиться спать",
        "userDefined": false
      }
    ],
    "isTemplate": false,
    "count": 0,
    "updated": 0
  },
  {
    "id": "3a6a7e95-7eb6-4a65-aef8-29d0d7d6650a",
    "data": [
      {
        "text": "я спать доброй ночи",
        "userDefined": false
      }
    ],
    "isTemplate": false,
    "count": 0,
    "updated": 0
  },
  {
    "id": "34e6a1b8-000b-4259-af27-b5527bfd6157",
    "data": [
      {
        "text": "я устал и хочу спать",
        "userDefined": false
      }
    ],
    "isTemplate": false,
    "count": 0,
    "updated": 0
  },
  {
    "id": "1908a256-06b3-4be3-b452-a0f468ea4426",
    "data": [
      {
        "text": "время сна",
        "userDefined": false
      }
    ],
    "isTemplate": false,
    "count": 0,
    "updated": 0
  },
  {
    "id": "cb7d2fa3-a4c7-41fc-85ba-4c5a73e0bc7a",
    "data": [
      {
        "text": "отбой",
        "userDefined": false
      }
    ],
    "isTemplate": false,
    "count": 0,
    "updated": 0
  }
]