[
  {
    "id": "8b5c5985-bf0f-4090-a6cf-10dd3371f314",
    "data": [
      {
        "text": "ты не прав",
        "userDefined": false
      }
    ],
    "isTemplate": false,
    "count": 0,
    "updated": 0
  },
  {
    "id": "f414a4aa-a9f1-4a25-9c3b-566dae221cf2",
    "data": [
      {
        "text": "неверно",
        "userDefined": false
      }
    ],
    "isTemplate": false,
    "count": 0,
    "updated": 0
  },
  {
    "id": "17e6521e-46d7-4404-bbf7-3cf309bf68bf",
    "data": [
      {
        "text": "это неправильно",
        "userDefined": false
      }
    ],
    "isTemplate": false,
    "count": 0,
    "updated": 0
  },
  {
    "id": "9a993195-e83e-4d28-8226-3edbc7fc82bd",
    "data": [
      {
        "text": "это не так",
        "userDefined": false
      }
    ],
    "isTemplate": false,
    "count": 0,
    "updated": 0
  },
  {
    "id": "13bc7792-6843-4c75-b808-8bf1dfcc5d2b",
    "data": [
      {
        "text": "это не совсем так",
        "userDefined": false
      }
    ],
    "isTemplate": false,
    "count": 0,
    "updated": 0
  },
  {
    "id": "c01b7713-18ca-4ec8-9acc-0bd32a196df6",
    "data": [
      {
        "text": "это неверно",
        "userDefined": false
      }
    ],
    "isTemplate": false,
    "count": 0,
    "updated": 0
  },
  {
    "id": "59a2ab47-069c-4bc9-a49f-86e0f84392d6",
    "data": [
      {
        "text": "неправильный ответ",
        "userDefined": false
      }
    ],
    "isTemplate": false,
    "count": 0,
    "updated": 0
  },
  {
    "id": "52f80c74-f083-47f0-ab71-26a3e3607bb0",
    "data": [
      {
        "text": "некорректно",
        "userDefined": false
      }
    ],
    "isTemplate": false,
    "count": 0,
    "updated": 0
  },
  {
    "id": "6173ccb3-3854-4d2f-b65c-9f042626ec28",
    "data": [
      {
        "text": "не соответствует действительности",
        "userDefined": false
      }
    ],
    "isTemplate": false,
    "count": 0,
    "updated": 0
  },
  {
    "id": "bd94b5c9-17d5-4d8f-be64-a7fc23c7c38c",
    "data": [
      {
        "text": "неправильно",
        "userDefined": false
      }
    ],
    "isTemplate": false,
    "count": 0,
    "updated": 0
  },
  {
    "id": "519980cd-93ef-42cb-85f3-b9ac5527d35a",
    "data": [
      {
        "text": "это было неправильным",
        "userDefined": false
      }
    ],
    "isTemplate": false,
    "count": 0,
    "updated": 0
  },
  {
    "id": "3e5e94b2-8ea3-425b-8608-31a234260695",
    "data": [
      {
        "text": "это не то о чём я спросил",
        "userDefined": false
      }
    ],
    "isTemplate": false,
    "count": 0,
    "updated": 0
  },
  {
    "id": "d1d0eaa2-553b-40c5-9518-a1f5ba110b2c",
    "data": [
      {
        "text": "это не то что я прошу",
        "userDefined": false
      }
    ],
    "isTemplate": false,
    "count": 0,
    "updated": 0
  }
]