[
  {
    "id": "70cf641c-5ee4-45bd-ae77-e5cf3e51fbf3",
    "data": [
      {
        "text": "хочу обняться",
        "userDefined": false
      }
    ],
    "isTemplate": false,
    "count": 0,
    "updated": 0
  },
  {
    "id": "07c2dde6-0866-4a65-865e-d82132cf2041",
    "data": [
      {
        "text": "можно тебя обнять",
        "userDefined": false
      }
    ],
    "isTemplate": false,
    "count": 0,
    "updated": 0
  },
  {
    "id": "073406a9-2677-43f0-adad-27250d943423",
    "data": [
      {
        "text": "можешь обнять меня",
        "userDefined": false
      }
    ],
    "isTemplate": false,
    "count": 0,
    "updated": 0
  },
  {
    "id": "5188c7a5-b14d-4ea9-9784-f1e9b65a2bc8",
    "data": [
      {
        "text": "подари мне твоё объятие",
        "userDefined": false
      }
    ],
    "isTemplate": false,
    "count": 0,
    "updated": 0
  },
  {
    "id": "b0c920ca-c9f4-467d-a09f-c3aef684e3ca",
    "data": [
      {
        "text": "обними",
        "userDefined": false
      }
    ],
    "isTemplate": false,
    "count": 0,
    "updated": 0
  },
  {
    "id": "4255d729-6490-46d2-93f6-a1d78f0c8912",
    "data": [
      {
        "text": "обнимаю",
        "userDefined": false
      }
    ],
    "isTemplate": false,
    "count": 0,
    "updated": 0
  },
  {
    "id": "15e178b0-6e5a-4bf5-bf4f-573f4d07f25e",
    "data": [
      {
        "text": "обними меня",
        "userDefined": false
      }
    ],
    "isTemplate": false,
    "count": 0,
    "updated": 0
  },
  {
    "id": "a4e2dcdd-617f-4fc9-bb98-aeb87b2235d6",
    "data": [
      {
        "text": "обнимешь меня",
        "userDefined": false
      }
    ],
    "isTemplate": false,
    "count": 0,
    "updated": 0
  },
  {
    "id": "a213e3ef-350b-438f-8f12-73af1a96d194",
    "data": [
      {
        "text": "обнял тебя",
        "userDefined": false
      }
    ],
    "isTemplate": false,
    "count": 0,
    "updated": 0
  },
  {
    "id": "f723f397-87b1-4d4b-b06f-6185cfebaec7",
    "data": [
      {
        "text": "ты меня обнимаешь",
        "userDefined": false
      }
    ],
    "isTemplate": false,
    "count": 0,
    "updated": 0
  },
  {
    "id": "a2e1adf5-de16-49f1-8ea2-f004d97f8951",
    "data": [
      {
        "text": "обнимашки",
        "userDefined": false
      }
    ],
    "isTemplate": false,
    "count": 0,
    "updated": 0
  },
  {
    "id": "cbeeb04e-078c-4178-a594-3a0922bd671b",
    "data": [
      {
        "text": "не могу тебя не обнять",
        "userDefined": false
      }
    ],
    "isTemplate": false,
    "count": 0,
    "updated": 0
  },
  {
    "id": "88e4f547-c636-4c13-8c38-fc4d24a59400",
    "data": [
      {
        "text": "обнимаю тебя",
        "userDefined": false
      }
    ],
    "isTemplate": false,
    "count": 0,
    "updated": 0
  },
  {
    "id": "f04dda43-dcbf-4027-84a4-a968d83b4d2b",
    "data": [
      {
        "text": "хочешь моих объятий",
        "userDefined": false
      }
    ],
    "isTemplate": false,
    "count": 0,
    "updated": 0
  },
  {
    "id": "7b0da2dc-a1dc-4f13-8ec8-bc1637a23956",
    "data": [
      {
        "text": "в объятиях",
        "userDefined": false
      }
    ],
    "isTemplate": false,
    "count": 0,
    "updated": 0
  },
  {
    "id": "23c45323-0e15-4230-b9af-8e3310226c5b",
    "data": [
      {
        "text": "хочешь обниму",
        "userDefined": false
      }
    ],
    "isTemplate": false,
    "count": 0,
    "updated": 0
  },
  {
    "id": "1967fb8c-fc5f-4618-9c67-df5bbbacaa03",
    "data": [
      {
        "text": "могу обнять тебя",
        "userDefined": false
      }
    ],
    "isTemplate": false,
    "count": 0,
    "updated": 0
  }
]