[
  {
    "id": "1a449a09-566f-40c4-a868-e48190e70167",
    "data": [
      {
        "text": "страдаю от бессоницы",
        "userDefined": false
      }
    ],
    "isTemplate": false,
    "count": 0,
    "updated": 0
  },
  {
    "id": "c4b393c0-13bb-45a0-8d42-5e487873dde6",
    "data": [
      {
        "text": "не могу уснуть",
        "userDefined": false
      }
    ],
    "isTemplate": false,
    "count": 0,
    "updated": 0
  },
  {
    "id": "0d6503e2-f904-41f1-8f0d-d14d2721c5e7",
    "data": [
      {
        "text": "не могу заснуть",
        "userDefined": false
      }
    ],
    "isTemplate": false,
    "count": 0,
    "updated": 0
  },
  {
    "id": "ec1f1db8-52ec-4879-8945-00cac2817a7e",
    "data": [
      {
        "text": "никак не могу уснуть",
        "userDefined": false
      }
    ],
    "isTemplate": false,
    "count": 0,
    "updated": 0
  },
  {
    "id": "635a7fe6-2d21-4f94-906e-44ea68027936",
    "data": [
      {
        "text": "не могу выспаться",
        "userDefined": false
      }
    ],
    "isTemplate": false,
    "count": 0,
    "updated": 0
  },
  {
    "id": "ffc39d2d-7e6d-4cf4-b04a-652a78be0e62",
    "data": [
      {
        "text": "бессонница",
        "userDefined": false
      }
    ],
    "isTemplate": false,
    "count": 0,
    "updated": 0
  }
]