[
  {
    "id": "a3f8cf4e-4b87-496e-a864-02cf5384e4c1",
    "data": [
      {
        "text": "давай",
        "userDefined": false
      }
    ],
    "isTemplate": false,
    "count": 0,
    "updated": 0
  },
  {
    "id": "9564076e-42b2-4c23-b0aa-6ad1c16553db",
    "data": [
      {
        "text": "да",
        "userDefined": false
      }
    ],
    "isTemplate": false,
    "count": 0,
    "updated": 0
  },
  {
    "id": "2df80944-d3a4-4cb0-a412-163e36fd12c5",
    "data": [
      {
        "text": "ага",
        "userDefined": false
      }
    ],
    "isTemplate": false,
    "count": 0,
    "updated": 0
  },
  {
    "id": "42500024-73bf-4b0a-9426-9fbc508436fb",
    "data": [
      {
        "text": "согласен",
        "userDefined": false
      }
    ],
    "isTemplate": false,
    "count": 0,
    "updated": 0
  },
  {
    "id": "50a423e9-7e93-423e-8d5c-7d64aca824c1",
    "data": [
      {
        "text": "уверен",
        "userDefined": false
      }
    ],
    "isTemplate": false,
    "count": 0,
    "updated": 0
  },
  {
    "id": "ffada2a6-c871-4c9a-9d6c-b7f01f3be13c",
    "data": [
      {
        "text": "конечно",
        "userDefined": false
      }
    ],
    "isTemplate": false,
    "count": 0,
    "updated": 0
  },
  {
    "id": "23299fa4-1bc4-4a47-9c71-65695dc021ca",
    "data": [
      {
        "text": "естественно",
        "meta": "@sys.ignore",
        "userDefined": false
      }
    ],
    "isTemplate": false,
    "count": 0,
    "updated": 0
  },
  {
    "id": "d7180ca8-1182-421e-9f8b-18225cd599f2",
    "data": [
      {
        "text": "ответ да",
        "userDefined": false
      }
    ],
    "isTemplate": false,
    "count": 0,
    "updated": 0
  },
  {
    "id": "51bc0d07-9b6f-4e60-9706-0653ce3eabd4",
    "data": [
      {
        "text": "давай попробуем",
        "userDefined": false
      }
    ],
    "isTemplate": false,
    "count": 1,
    "updated": 0
  },
  {
    "id": "8d65ecc8-7e43-4125-89dd-63c91b844659",
    "data": [
      {
        "text": "правильно",
        "userDefined": false
      }
    ],
    "isTemplate": false,
    "count": 1,
    "updated": 0
  },
  {
    "id": "0d74ee5a-237c-4fb5-93c9-7d49f6237fc8",
    "data": [
      {
        "text": "почему бы нет",
        "userDefined": false
      }
    ],
    "isTemplate": false,
    "count": 0,
    "updated": 0
  },
  {
    "id": "3e330487-f073-404a-b456-c65c301f3a8a",
    "data": [
      {
        "text": "да давай",
        "userDefined": false
      }
    ],
    "isTemplate": false,
    "count": 0,
    "updated": 0
  },
  {
    "id": "00dd671a-6227-4194-9bd2-fc2d749d1cbc",
    "data": [
      {
        "text": "я не против",
        "userDefined": false
      }
    ],
    "isTemplate": false,
    "count": 0,
    "updated": 0
  },
  {
    "id": "dcda2c0d-5727-43ae-9f6b-8f8aac16c79e",
    "data": [
      {
        "text": "я только за",
        "userDefined": false
      }
    ],
    "isTemplate": false,
    "count": 0,
    "updated": 0
  },
  {
    "id": "628f92fa-5c01-45fe-96d8-5963856cfcb4",
    "data": [
      {
        "text": "я за",
        "userDefined": false
      }
    ],
    "isTemplate": false,
    "count": 1,
    "updated": 0
  },
  {
    "id": "10d8cc63-eb91-43f4-8c83-74e36e014ff3",
    "data": [
      {
        "text": "думаю да",
        "userDefined": false
      }
    ],
    "isTemplate": false,
    "count": 0,
    "updated": 0
  },
  {
    "id": "9c104db5-46e1-4047-808e-e4df56c7b4c5",
    "data": [
      {
        "text": "ладно",
        "userDefined": false
      }
    ],
    "isTemplate": false,
    "count": 0,
    "updated": 0
  },
  {
    "id": "98796713-b6bc-4779-af87-f8941614361c",
    "data": [
      {
        "text": "уговорил",
        "userDefined": false
      }
    ],
    "isTemplate": false,
    "count": 0,
    "updated": 0
  },
  {
    "id": "70ec7d5e-e6b5-435b-a8e2-14d0d5312b96",
    "data": [
      {
        "text": "пожалуй",
        "userDefined": false
      }
    ],
    "isTemplate": false,
    "count": 0,
    "updated": 0
  },
  {
    "id": "26286069-995e-4146-9d8c-f399d65d5680",
    "data": [
      {
        "text": "почему бы и нет",
        "userDefined": false
      }
    ],
    "isTemplate": false,
    "count": 0,
    "updated": 0
  },
  {
    "id": "df72589e-c37f-4768-a5da-427bdf77ee77",
    "data": [
      {
        "text": "всё правильно",
        "userDefined": false
      }
    ],
    "isTemplate": false,
    "count": 0,
    "updated": 0
  },
  {
    "id": "7627b5b5-b28f-47ce-9dea-ab232187419f",
    "data": [
      {
        "text": "да конечно",
        "userDefined": false
      }
    ],
    "isTemplate": false,
    "count": 0,
    "updated": 0
  },
  {
    "id": "12f76a47-4259-4e4a-8a2a-5dad73a5b23e",
    "data": [
      {
        "text": "естественно",
        "userDefined": false
      }
    ],
    "isTemplate": false,
    "count": 0,
    "updated": 0
  },
  {
    "id": "199a7747-81fd-42e2-b8a7-72abdd209998",
    "data": [
      {
        "text": "ещё бы",
        "userDefined": false
      }
    ],
    "isTemplate": false,
    "count": 0,
    "updated": 0
  },
  {
    "id": "84cbcffb-2e5d-405e-bbe4-c61f43691a43",
    "data": [
      {
        "text": "да хочу",
        "userDefined": false
      }
    ],
    "isTemplate": false,
    "count": 0,
    "updated": 0
  },
  {
    "id": "2dbf944f-21b7-4891-854a-a230537a0aa7",
    "data": [
      {
        "text": "подтверждаю",
        "userDefined": false
      }
    ],
    "isTemplate": false,
    "count": 0,
    "updated": 0
  },
  {
    "id": "23d97a47-0635-4793-b779-d0ad03034a30",
    "data": [
      {
        "text": "ответ положительный",
        "userDefined": false
      }
    ],
    "isTemplate": false,
    "count": 0,
    "updated": 0
  }
]